url,source_file,extraction_time
https://ksiem.sectica.com/tickets/CSOC-OPAY2024061500F,13p.xlsx,2025-06-25 22:39:28
https://ksiem.sectica.com/tickets/CSOC-OPAY2024061500E,13p.xlsx,2025-06-25 22:39:28
https://ksiem.sectica.com/tickets/CSOC-OPAY2024061500D,13p.xlsx,2025-06-25 22:39:28
https://ksiem.sectica.com/tickets/CSOC-OPAY2024061500C,13p.xlsx,2025-06-25 22:39:28
https://ksiem.sectica.com/tickets/CSOC-OPAY2024061500B,13p.xlsx,2025-06-25 22:39:28
https://ksiem.sectica.com/tickets/CSOC-OPAY2024061500A,13p.xlsx,2025-06-25 22:39:28
https://ksiem.sectica.com/tickets/CSOC-OPAY20240615009,13p.xlsx,2025-06-25 22:39:28
https://ksiem.sectica.com/tickets/CSOC-OPAY20240615008,13p.xlsx,2025-06-25 22:39:28
https://ksiem.sectica.com/tickets/CSOC-OPAY20240615007,13p.xlsx,2025-06-25 22:39:28
https://ksiem.sectica.com/tickets/CSOC-OPAY20240615006,13p.xlsx,2025-06-25 22:39:28
https://ksiem.sectica.com/tickets/CSOC-OPAY20240615005,13p.xlsx,2025-06-25 22:39:28
https://ksiem.sectica.com/tickets/CSOC-OPAY20240615003,13p.xlsx,2025-06-25 22:39:28
https://ksiem.sectica.com/tickets/CSOC-OPAY20240615002,13p.xlsx,2025-06-25 22:39:28
https://ksiem.sectica.com/tickets/CSOC-OPAY20240615001,13p.xlsx,2025-06-25 22:39:28
https://ksiem.sectica.com/tickets/CSOC-OPAY20240615000,13p.xlsx,2025-06-25 22:39:28
https://ksiem.sectica.com/tickets/CSOC-OPAY2024061400H,13p.xlsx,2025-06-25 22:39:28
https://ksiem.sectica.com/tickets/CSOC-OPAY2024061400G,13p.xlsx,2025-06-25 22:39:28
https://ksiem.sectica.com/tickets/CSOC-OPAY2024061400F,13p.xlsx,2025-06-25 22:39:28
https://ksiem.sectica.com/tickets/CSOC-OPAY2024061400E,13p.xlsx,2025-06-25 22:39:28
https://ksiem.sectica.com/tickets/CSOC-OPAY2024061400D,13p.xlsx,2025-06-25 22:39:28
https://ksiem.sectica.com/tickets/CSOC-OPAY2024061400C,13p.xlsx,2025-06-25 22:39:28
https://ksiem.sectica.com/tickets/CSOC-OPAY2024061400B,13p.xlsx,2025-06-25 22:39:28
https://ksiem.sectica.com/tickets/CSOC-OPAY2024061400A,13p.xlsx,2025-06-25 22:39:28
https://ksiem.sectica.com/tickets/CSOC-OPAY20240614009,13p.xlsx,2025-06-25 22:39:28
https://ksiem.sectica.com/tickets/CSOC-OPAY20240614008,13p.xlsx,2025-06-25 22:39:28
https://ksiem.sectica.com/tickets/CSOC-OPAY20240614007,13p.xlsx,2025-06-25 22:39:28
https://ksiem.sectica.com/tickets/CSOC-OPAY20240614006,13p.xlsx,2025-06-25 22:39:28
https://ksiem.sectica.com/tickets/CSOC-OPAY20240614005,13p.xlsx,2025-06-25 22:39:28
https://ksiem.sectica.com/tickets/CSOC-OPAY20240614004,13p.xlsx,2025-06-25 22:39:28
https://ksiem.sectica.com/tickets/CSOC-OPAY20240614003,13p.xlsx,2025-06-25 22:39:28
https://ksiem.sectica.com/tickets/CSOC-OPAY20240614002,13p.xlsx,2025-06-25 22:39:28
https://ksiem.sectica.com/tickets/CSOC-OPAY20240614001,13p.xlsx,2025-06-25 22:39:28
https://ksiem.sectica.com/tickets/CSOC-OPAY20240614000,13p.xlsx,2025-06-25 22:39:28
https://ksiem.sectica.com/tickets/CSOC-OPAY2024061100I,13p.xlsx,2025-06-25 22:39:28
https://ksiem.sectica.com/tickets/CSOC-OPAY2024061100H,13p.xlsx,2025-06-25 22:39:28
https://ksiem.sectica.com/tickets/CSOC-OPAY2024061100G,13p.xlsx,2025-06-25 22:39:28
https://ksiem.sectica.com/tickets/CSOC-OPAY2024061100F,13p.xlsx,2025-06-25 22:39:28
https://ksiem.sectica.com/tickets/CSOC-OPAY2024061100E,13p.xlsx,2025-06-25 22:39:28
https://ksiem.sectica.com/tickets/CSOC-OPAY2024061100D,13p.xlsx,2025-06-25 22:39:28
https://ksiem.sectica.com/tickets/CSOC-OPAY2024061100C,13p.xlsx,2025-06-25 22:39:28
https://ksiem.sectica.com/tickets/CSOC-OPAY2024061100B,13p.xlsx,2025-06-25 22:39:28
https://ksiem.sectica.com/tickets/CSOC-OPAY2024061100A,13p.xlsx,2025-06-25 22:39:28
https://ksiem.sectica.com/tickets/CSOC-OPAY20240611009,13p.xlsx,2025-06-25 22:39:28
https://ksiem.sectica.com/tickets/CSOC-OPAY20240611008,13p.xlsx,2025-06-25 22:39:28
https://ksiem.sectica.com/tickets/CSOC-OPAY20240611007,13p.xlsx,2025-06-25 22:39:28
https://ksiem.sectica.com/tickets/CSOC-OPAY20240611006,13p.xlsx,2025-06-25 22:39:28
https://ksiem.sectica.com/tickets/CSOC-OPAY20240611005,13p.xlsx,2025-06-25 22:39:28
https://ksiem.sectica.com/tickets/CSOC-OPAY20240611004,13p.xlsx,2025-06-25 22:39:28
https://ksiem.sectica.com/tickets/CSOC-OPAY20230807004,22p.xlsx,2025-06-25 22:39:29
https://ksiem.sectica.com/tickets/CSOC-OPAY20230807003,22p.xlsx,2025-06-25 22:39:29
https://ksiem.sectica.com/tickets/CSOC-OPAY20230704015,22p.xlsx,2025-06-25 22:39:29
https://ksiem.sectica.com/tickets/CSOC-OPAY20230704014,22p.xlsx,2025-06-25 22:39:29
https://ksiem.sectica.com/tickets/CSOC-OPAY20230704013,22p.xlsx,2025-06-25 22:39:29
https://ksiem.sectica.com/tickets/CSOC-OPAY2023062700L,22p.xlsx,2025-06-25 22:39:29
https://ksiem.sectica.com/tickets/CSOC-OPAY2023062700K,22p.xlsx,2025-06-25 22:39:29
https://ksiem.sectica.com/tickets/CSOC-OPAY2023062700J,22p.xlsx,2025-06-25 22:39:29
https://ksiem.sectica.com/tickets/CSOC-OPAY2023062700G,22p.xlsx,2025-06-25 22:39:29
https://ksiem.sectica.com/tickets/CSOC-OPAY2023062700F,22p.xlsx,2025-06-25 22:39:29
https://ksiem.sectica.com/tickets/CSOC-OPAY2023062700E,22p.xlsx,2025-06-25 22:39:29
https://ksiem.sectica.com/tickets/CSOC-OPAY2023062700D,22p.xlsx,2025-06-25 22:39:29
https://ksiem.sectica.com/tickets/CSOC-OPAY2023062700B,22p.xlsx,2025-06-25 22:39:29
https://ksiem.sectica.com/tickets/CSOC-OPAY2023062700A,22p.xlsx,2025-06-25 22:39:29
https://ksiem.sectica.com/tickets/CSOC-OPAY20230627009,22p.xlsx,2025-06-25 22:39:29
https://ksiem.sectica.com/tickets/CSOC-OPAY20230627008,22p.xlsx,2025-06-25 22:39:29
https://ksiem.sectica.com/tickets/CSOC-OPAY20230627007,22p.xlsx,2025-06-25 22:39:29
https://ksiem.sectica.com/tickets/CSOC-OPAY20230627006,22p.xlsx,2025-06-25 22:39:29
https://ksiem.sectica.com/tickets/CSOC-OPAY20230627005,22p.xlsx,2025-06-25 22:39:29
https://ksiem.sectica.com/tickets/CSOC-OPAY20230627004,22p.xlsx,2025-06-25 22:39:29
https://ksiem.sectica.com/tickets/CSOC-OPAY20230627003,22p.xlsx,2025-06-25 22:39:29
https://ksiem.sectica.com/tickets/CSOC-OPAY20230627002,22p.xlsx,2025-06-25 22:39:29
https://ksiem.sectica.com/tickets/CSOC-OPAY20230627001,22p.xlsx,2025-06-25 22:39:29
https://ksiem.sectica.com/tickets/CSOC-OPAY20230627000,22p.xlsx,2025-06-25 22:39:29
https://ksiem.sectica.com/tickets/CSOC-OPAY20230626009,22p.xlsx,2025-06-25 22:39:29
https://ksiem.sectica.com/tickets/CSOC-OPAY20230626008,22p.xlsx,2025-06-25 22:39:29
https://ksiem.sectica.com/tickets/CSOC-OPAY20230626005,22p.xlsx,2025-06-25 22:39:29
https://ksiem.sectica.com/tickets/CSOC-OPAY20230626004,22p.xlsx,2025-06-25 22:39:29
https://ksiem.sectica.com/tickets/CSOC-OPAY20230626003,22p.xlsx,2025-06-25 22:39:29
https://ksiem.sectica.com/tickets/CSOC-OPAY20230626002,22p.xlsx,2025-06-25 22:39:29
https://ksiem.sectica.com/tickets/CSOC-OPAY20230626001,22p.xlsx,2025-06-25 22:39:29
https://ksiem.sectica.com/tickets/CSOC-OPAY2023062300B,22p.xlsx,2025-06-25 22:39:29
https://ksiem.sectica.com/tickets/CSOC-OPAY2023062300A,22p.xlsx,2025-06-25 22:39:29
https://ksiem.sectica.com/tickets/CSOC-OPAY20230623009,22p.xlsx,2025-06-25 22:39:29
https://ksiem.sectica.com/tickets/CSOC-OPAY20230623008,22p.xlsx,2025-06-25 22:39:29
https://ksiem.sectica.com/tickets/CSOC-OPAY20230623007,22p.xlsx,2025-06-25 22:39:29
https://ksiem.sectica.com/tickets/CSOC-OPAY20230623005,22p.xlsx,2025-06-25 22:39:29
https://ksiem.sectica.com/tickets/CSOC-OPAY20230623004,22p.xlsx,2025-06-25 22:39:29
https://ksiem.sectica.com/tickets/CSOC-OPAY20230623003,22p.xlsx,2025-06-25 22:39:29
https://ksiem.sectica.com/tickets/CSOC-OPAY20230623002,22p.xlsx,2025-06-25 22:39:29
https://ksiem.sectica.com/tickets/CSOC-OPAY20230623001,22p.xlsx,2025-06-25 22:39:29
https://ksiem.sectica.com/tickets/CSOC-OPAY2023062200U,22p.xlsx,2025-06-25 22:39:29
https://ksiem.sectica.com/tickets/CSOC-OPAY2023062200T,22p.xlsx,2025-06-25 22:39:29
https://ksiem.sectica.com/tickets/CSOC-OPAY2023062200S,22p.xlsx,2025-06-25 22:39:29
https://ksiem.sectica.com/tickets/CSOC-OPAY2023062200R,22p.xlsx,2025-06-25 22:39:29
https://ksiem.sectica.com/tickets/CSOC-OPAY2023062200Q,22p.xlsx,2025-06-25 22:39:29
https://ksiem.sectica.com/tickets/CSOC-OPAY2023062200P,22p.xlsx,2025-06-25 22:39:29
https://ksiem.sectica.com/tickets/CSOC-OPAY2023062200O,22p.xlsx,2025-06-25 22:39:29
https://ksiem.sectica.com/tickets/CSOC-OPAY2023062200N,22p.xlsx,2025-06-25 22:39:29
https://ksiem.sectica.com/tickets/CSOC-OPAY2023062200M,22p.xlsx,2025-06-25 22:39:29
https://ksiem.sectica.com/tickets/CSOC-OPAY20230905008,24p.xlsx,2025-06-25 22:39:29
https://ksiem.sectica.com/tickets/CSOC-OPAY20230905004,24p.xlsx,2025-06-25 22:39:29
https://ksiem.sectica.com/tickets/CSOC-OPAY20230905003,24p.xlsx,2025-06-25 22:39:29
https://ksiem.sectica.com/tickets/CSOC-OPAY20230905002,24p.xlsx,2025-06-25 22:39:29
https://ksiem.sectica.com/tickets/CSOC-OPAY20230905001,24p.xlsx,2025-06-25 22:39:29
https://ksiem.sectica.com/tickets/CSOC-OPAY20230905000,24p.xlsx,2025-06-25 22:39:29
https://ksiem.sectica.com/tickets/CSOC-OPAY20230904005,24p.xlsx,2025-06-25 22:39:29
https://ksiem.sectica.com/tickets/CSOC-OPAY20230904004,24p.xlsx,2025-06-25 22:39:29
https://ksiem.sectica.com/tickets/CSOC-OPAY20230904003,24p.xlsx,2025-06-25 22:39:29
https://ksiem.sectica.com/tickets/CSOC-OPAY20230904002,24p.xlsx,2025-06-25 22:39:29
https://ksiem.sectica.com/tickets/CSOC-OPAY2023090100D,24p.xlsx,2025-06-25 22:39:29
https://ksiem.sectica.com/tickets/CSOC-OPAY2023090100C,24p.xlsx,2025-06-25 22:39:29
https://ksiem.sectica.com/tickets/CSOC-OPAY2023090100B,24p.xlsx,2025-06-25 22:39:29
https://ksiem.sectica.com/tickets/CSOC-OPAY2023090100A,24p.xlsx,2025-06-25 22:39:29
https://ksiem.sectica.com/tickets/CSOC-OPAY20230901009,24p.xlsx,2025-06-25 22:39:29
https://ksiem.sectica.com/tickets/CSOC-OPAY20230901008,24p.xlsx,2025-06-25 22:39:29
https://ksiem.sectica.com/tickets/CSOC-OPAY20230901007,24p.xlsx,2025-06-25 22:39:29
https://ksiem.sectica.com/tickets/CSOC-OPAY20230901006,24p.xlsx,2025-06-25 22:39:29
https://ksiem.sectica.com/tickets/CSOC-OPAY20230901005,24p.xlsx,2025-06-25 22:39:29
https://ksiem.sectica.com/tickets/CSOC-OPAY20230901004,24p.xlsx,2025-06-25 22:39:29
https://ksiem.sectica.com/tickets/CSOC-OPAY20230901003,24p.xlsx,2025-06-25 22:39:29
https://ksiem.sectica.com/tickets/CSOC-OPAY2023083100E,24p.xlsx,2025-06-25 22:39:29
https://ksiem.sectica.com/tickets/CSOC-OPAY2023083100D,24p.xlsx,2025-06-25 22:39:29
https://ksiem.sectica.com/tickets/CSOC-OPAY2023083100C,24p.xlsx,2025-06-25 22:39:29
https://ksiem.sectica.com/tickets/CSOC-OPAY2023083100B,24p.xlsx,2025-06-25 22:39:29
https://ksiem.sectica.com/tickets/CSOC-OPAY2023083100A,24p.xlsx,2025-06-25 22:39:29
https://ksiem.sectica.com/tickets/CSOC-OPAY20230831009,24p.xlsx,2025-06-25 22:39:29
https://ksiem.sectica.com/tickets/CSOC-OPAY20230831008,24p.xlsx,2025-06-25 22:39:29
https://ksiem.sectica.com/tickets/CSOC-OPAY20230831007,24p.xlsx,2025-06-25 22:39:29
https://ksiem.sectica.com/tickets/CSOC-OPAY20230831006,24p.xlsx,2025-06-25 22:39:29
https://ksiem.sectica.com/tickets/CSOC-OPAY20230831005,24p.xlsx,2025-06-25 22:39:29
https://ksiem.sectica.com/tickets/CSOC-OPAY20230831004,24p.xlsx,2025-06-25 22:39:29
https://ksiem.sectica.com/tickets/CSOC-OPAY2023083000B,24p.xlsx,2025-06-25 22:39:29
https://ksiem.sectica.com/tickets/CSOC-OPAY2023083000A,24p.xlsx,2025-06-25 22:39:29
https://ksiem.sectica.com/tickets/CSOC-OPAY20230830009,24p.xlsx,2025-06-25 22:39:29
https://ksiem.sectica.com/tickets/CSOC-OPAY20230830008,24p.xlsx,2025-06-25 22:39:29
https://ksiem.sectica.com/tickets/CSOC-OPAY20230830007,24p.xlsx,2025-06-25 22:39:29
https://ksiem.sectica.com/tickets/CSOC-OPAY20230830006,24p.xlsx,2025-06-25 22:39:29
https://ksiem.sectica.com/tickets/CSOC-OPAY20230830005,24p.xlsx,2025-06-25 22:39:29
https://ksiem.sectica.com/tickets/CSOC-OPAY20230822002,24p.xlsx,2025-06-25 22:39:29
https://ksiem.sectica.com/tickets/CSOC-OPAY20230821009,24p.xlsx,2025-06-25 22:39:29
https://ksiem.sectica.com/tickets/CSOC-OPAY20230821008,24p.xlsx,2025-06-25 22:39:29
https://ksiem.sectica.com/tickets/CSOC-OPAY20230821005,24p.xlsx,2025-06-25 22:39:29
https://ksiem.sectica.com/tickets/CSOC-OPAY20230821004,24p.xlsx,2025-06-25 22:39:29
https://ksiem.sectica.com/tickets/CSOC-OPAY20230821003,24p.xlsx,2025-06-25 22:39:29
https://ksiem.sectica.com/tickets/CSOC-OPAY20230821002,24p.xlsx,2025-06-25 22:39:29
https://ksiem.sectica.com/tickets/CSOC-OPAY20230821001,24p.xlsx,2025-06-25 22:39:29
https://ksiem.sectica.com/tickets/CSOC-OPAY20230817001,24p.xlsx,2025-06-25 22:39:29
https://ksiem.sectica.com/tickets/CSOC-OPAY2023081600C,24p.xlsx,2025-06-25 22:39:29
https://ksiem.sectica.com/tickets/CSOC-OPAY2023081600B,24p.xlsx,2025-06-25 22:39:29
https://ksiem.sectica.com/tickets/CSOC-OPAY20231222002,17p.xlsx,2025-06-25 22:39:29
https://ksiem.sectica.com/tickets/CSOC-OPAY20231016002,17p.xlsx,2025-06-25 22:39:29
https://ksiem.sectica.com/tickets/CSOC-OPAY20231016001,17p.xlsx,2025-06-25 22:39:29
https://ksiem.sectica.com/tickets/CSOC-OPAY20230915018,17p.xlsx,2025-06-25 22:39:29
https://ksiem.sectica.com/tickets/CSOC-OPAY20230915017,17p.xlsx,2025-06-25 22:39:29
https://ksiem.sectica.com/tickets/CSOC-OPAY20230915016,17p.xlsx,2025-06-25 22:39:29
https://ksiem.sectica.com/tickets/CSOC-OPAY20230915015,17p.xlsx,2025-06-25 22:39:29
https://ksiem.sectica.com/tickets/CSOC-OPAY20230915014,17p.xlsx,2025-06-25 22:39:29
https://ksiem.sectica.com/tickets/CSOC-OPAY20230915013,17p.xlsx,2025-06-25 22:39:29
https://ksiem.sectica.com/tickets/CSOC-OPAY20230915012,17p.xlsx,2025-06-25 22:39:29
https://ksiem.sectica.com/tickets/CSOC-OPAY20230915011,17p.xlsx,2025-06-25 22:39:29
https://ksiem.sectica.com/tickets/CSOC-OPAY20230915010,17p.xlsx,2025-06-25 22:39:29
https://ksiem.sectica.com/tickets/CSOC-OPAY2023091500Z,17p.xlsx,2025-06-25 22:39:29
https://ksiem.sectica.com/tickets/CSOC-OPAY20230830004,17p.xlsx,2025-06-25 22:39:29
https://ksiem.sectica.com/tickets/CSOC-OPAY20230830003,17p.xlsx,2025-06-25 22:39:29
https://ksiem.sectica.com/tickets/CSOC-OPAY20230830002,17p.xlsx,2025-06-25 22:39:29
https://ksiem.sectica.com/tickets/CSOC-OPAY20230829006,17p.xlsx,2025-06-25 22:39:29
https://ksiem.sectica.com/tickets/CSOC-OPAY20230829005,17p.xlsx,2025-06-25 22:39:29
https://ksiem.sectica.com/tickets/CSOC-OPAY20230829004,17p.xlsx,2025-06-25 22:39:29
https://ksiem.sectica.com/tickets/CSOC-OPAY20230829003,17p.xlsx,2025-06-25 22:39:29
https://ksiem.sectica.com/tickets/CSOC-OPAY20230829002,17p.xlsx,2025-06-25 22:39:29
https://ksiem.sectica.com/tickets/CSOC-OPAY20230829001,17p.xlsx,2025-06-25 22:39:29
https://ksiem.sectica.com/tickets/CSOC-OPAY20230826000,17p.xlsx,2025-06-25 22:39:29
https://ksiem.sectica.com/tickets/CSOC-OPAY20230825002,17p.xlsx,2025-06-25 22:39:29
https://ksiem.sectica.com/tickets/CSOC-OPAY20230825001,17p.xlsx,2025-06-25 22:39:29
https://ksiem.sectica.com/tickets/CSOC-OPAY2023081400G,17p.xlsx,2025-06-25 22:39:29
https://ksiem.sectica.com/tickets/CSOC-OPAY2023081400F,17p.xlsx,2025-06-25 22:39:29
https://ksiem.sectica.com/tickets/CSOC-OPAY2023081400E,17p.xlsx,2025-06-25 22:39:29
https://ksiem.sectica.com/tickets/CSOC-OPAY2023081400D,17p.xlsx,2025-06-25 22:39:29
https://ksiem.sectica.com/tickets/CSOC-OPAY2023081400C,17p.xlsx,2025-06-25 22:39:29
https://ksiem.sectica.com/tickets/CSOC-OPAY2023081400A,17p.xlsx,2025-06-25 22:39:29
https://ksiem.sectica.com/tickets/CSOC-OPAY20230814009,17p.xlsx,2025-06-25 22:39:29
https://ksiem.sectica.com/tickets/CSOC-OPAY20230814008,17p.xlsx,2025-06-25 22:39:29
https://ksiem.sectica.com/tickets/CSOC-OPAY20230814007,17p.xlsx,2025-06-25 22:39:29
https://ksiem.sectica.com/tickets/CSOC-OPAY20230814004,17p.xlsx,2025-06-25 22:39:29
https://ksiem.sectica.com/tickets/CSOC-OPAY20230726000,17p.xlsx,2025-06-25 22:39:29
https://ksiem.sectica.com/tickets/CSOC-OPAY20230718004,17p.xlsx,2025-06-25 22:39:29
https://ksiem.sectica.com/tickets/CSOC-OPAY20230713003,17p.xlsx,2025-06-25 22:39:29
https://ksiem.sectica.com/tickets/CSOC-OPAY2023062100C,17p.xlsx,2025-06-25 22:39:29
https://ksiem.sectica.com/tickets/CSOC-OPAY20230620003,17p.xlsx,2025-06-25 22:39:29
https://ksiem.sectica.com/tickets/CSOC-OPAY20230619005,17p.xlsx,2025-06-25 22:39:29
https://ksiem.sectica.com/tickets/CSOC-OPAY2023061600F,17p.xlsx,2025-06-25 22:39:29
https://ksiem.sectica.com/tickets/CSOC-OPAY2023061600E,17p.xlsx,2025-06-25 22:39:29
https://ksiem.sectica.com/tickets/CSOC-OPAY2023061600D,17p.xlsx,2025-06-25 22:39:29
https://ksiem.sectica.com/tickets/CSOC-OPAY2023061600C,17p.xlsx,2025-06-25 22:39:29
https://ksiem.sectica.com/tickets/CSOC-OPAY2023061600B,17p.xlsx,2025-06-25 22:39:29
https://ksiem.sectica.com/tickets/CSOC-OPAY20230616008,17p.xlsx,2025-06-25 22:39:29
https://ksiem.sectica.com/tickets/CSOC-OPAY20230616007,17p.xlsx,2025-06-25 22:39:29
https://ksiem.sectica.com/tickets/CSOC-OPAY20230616006,17p.xlsx,2025-06-25 22:39:29
https://ksiem.sectica.com/tickets/CSOC-OPAY20230616005,17p.xlsx,2025-06-25 22:39:29
https://ksiem.sectica.com/tickets/CSOC-OPAY2023062700H,28p.xlsx,2025-06-25 22:39:29
https://ksiem.sectica.com/tickets/CSOC-OPAY2024102100K,16p.xlsx,2025-06-25 22:39:29
https://ksiem.sectica.com/tickets/CSOC-OPAY2024102100J,16p.xlsx,2025-06-25 22:39:29
https://ksiem.sectica.com/tickets/CSOC-OPAY2024102100I,16p.xlsx,2025-06-25 22:39:29
https://ksiem.sectica.com/tickets/CSOC-OPAY2024102100H,16p.xlsx,2025-06-25 22:39:29
https://ksiem.sectica.com/tickets/CSOC-OPAY2024102100G,16p.xlsx,2025-06-25 22:39:29
https://ksiem.sectica.com/tickets/CSOC-OPAY2024102100F,16p.xlsx,2025-06-25 22:39:29
https://ksiem.sectica.com/tickets/CSOC-OPAY2024102100E,16p.xlsx,2025-06-25 22:39:29
https://ksiem.sectica.com/tickets/CSOC-OPAY2024102100D,16p.xlsx,2025-06-25 22:39:29
https://ksiem.sectica.com/tickets/CSOC-OPAY2024102100C,16p.xlsx,2025-06-25 22:39:29
https://ksiem.sectica.com/tickets/CSOC-OPAY2024102100B,16p.xlsx,2025-06-25 22:39:29
https://ksiem.sectica.com/tickets/CSOC-OPAY2024102100A,16p.xlsx,2025-06-25 22:39:29
https://ksiem.sectica.com/tickets/CSOC-OPAY20241021009,16p.xlsx,2025-06-25 22:39:29
https://ksiem.sectica.com/tickets/CSOC-OPAY20241021008,16p.xlsx,2025-06-25 22:39:29
https://ksiem.sectica.com/tickets/CSOC-OPAY20241021007,16p.xlsx,2025-06-25 22:39:29
https://ksiem.sectica.com/tickets/CSOC-OPAY20241021006,16p.xlsx,2025-06-25 22:39:29
https://ksiem.sectica.com/tickets/CSOC-OPAY20241021005,16p.xlsx,2025-06-25 22:39:29
https://ksiem.sectica.com/tickets/CSOC-OPAY20241021004,16p.xlsx,2025-06-25 22:39:29
https://ksiem.sectica.com/tickets/CSOC-OPAY20241021003,16p.xlsx,2025-06-25 22:39:29
https://ksiem.sectica.com/tickets/CSOC-OPAY20241021002,16p.xlsx,2025-06-25 22:39:29
https://ksiem.sectica.com/tickets/CSOC-OPAY20241021001,16p.xlsx,2025-06-25 22:39:29
https://ksiem.sectica.com/tickets/CSOC-OPAY20241021000,16p.xlsx,2025-06-25 22:39:29
https://ksiem.sectica.com/tickets/CSOC-OPAY20241017009,16p.xlsx,2025-06-25 22:39:29
https://ksiem.sectica.com/tickets/CSOC-OPAY20241017008,16p.xlsx,2025-06-25 22:39:29
https://ksiem.sectica.com/tickets/CSOC-OPAY20241017007,16p.xlsx,2025-06-25 22:39:29
https://ksiem.sectica.com/tickets/CSOC-OPAY20241017006,16p.xlsx,2025-06-25 22:39:29
https://ksiem.sectica.com/tickets/CSOC-OPAY20241017005,16p.xlsx,2025-06-25 22:39:29
https://ksiem.sectica.com/tickets/CSOC-OPAY20241017004,16p.xlsx,2025-06-25 22:39:29
https://ksiem.sectica.com/tickets/CSOC-OPAY20241017003,16p.xlsx,2025-06-25 22:39:29
https://ksiem.sectica.com/tickets/CSOC-OPAY20241017002,16p.xlsx,2025-06-25 22:39:29
https://ksiem.sectica.com/tickets/CSOC-OPAY20241017001,16p.xlsx,2025-06-25 22:39:29
https://ksiem.sectica.com/tickets/CSOC-OPAY2024100300N,16p.xlsx,2025-06-25 22:39:29
https://ksiem.sectica.com/tickets/CSOC-OPAY2024100300M,16p.xlsx,2025-06-25 22:39:29
https://ksiem.sectica.com/tickets/CSOC-OPAY2024100300L,16p.xlsx,2025-06-25 22:39:29
https://ksiem.sectica.com/tickets/CSOC-OPAY2024100300K,16p.xlsx,2025-06-25 22:39:29
https://ksiem.sectica.com/tickets/CSOC-OPAY2024100300J,16p.xlsx,2025-06-25 22:39:29
https://ksiem.sectica.com/tickets/CSOC-OPAY2024100300I,16p.xlsx,2025-06-25 22:39:29
https://ksiem.sectica.com/tickets/CSOC-OPAY2024100300H,16p.xlsx,2025-06-25 22:39:29
https://ksiem.sectica.com/tickets/CSOC-OPAY2024100300G,16p.xlsx,2025-06-25 22:39:29
https://ksiem.sectica.com/tickets/CSOC-OPAY2024100300F,16p.xlsx,2025-06-25 22:39:29
https://ksiem.sectica.com/tickets/CSOC-OPAY2024100300E,16p.xlsx,2025-06-25 22:39:29
https://ksiem.sectica.com/tickets/CSOC-OPAY2024100300D,16p.xlsx,2025-06-25 22:39:29
https://ksiem.sectica.com/tickets/CSOC-OPAY2024100300C,16p.xlsx,2025-06-25 22:39:29
https://ksiem.sectica.com/tickets/CSOC-OPAY2024100300B,16p.xlsx,2025-06-25 22:39:29
https://ksiem.sectica.com/tickets/CSOC-OPAY2024100300A,16p.xlsx,2025-06-25 22:39:29
https://ksiem.sectica.com/tickets/CSOC-OPAY20241003009,16p.xlsx,2025-06-25 22:39:29
https://ksiem.sectica.com/tickets/CSOC-OPAY20241003008,16p.xlsx,2025-06-25 22:39:29
https://ksiem.sectica.com/tickets/CSOC-OPAY20241003007,16p.xlsx,2025-06-25 22:39:29
https://ksiem.sectica.com/tickets/CSOC-OPAY20241003004,16p.xlsx,2025-06-25 22:39:29
https://ksiem.sectica.com/tickets/CSOC-OPAY20231222001,16p.xlsx,2025-06-25 22:39:29
https://ksiem.sectica.com/tickets/CSOC-OPAY2023081700W,16p.xlsx,2025-06-25 22:39:29
https://ksiem.sectica.com/tickets/CSOC-OPAY20240516002,18p.xlsx,2025-06-25 22:39:29
https://ksiem.sectica.com/tickets/CSOC-OPAY20231206002,18p.xlsx,2025-06-25 22:39:29
https://ksiem.sectica.com/tickets/CSOC-OPAY20231120001,18p.xlsx,2025-06-25 22:39:29
https://ksiem.sectica.com/tickets/CSOC-OPAY20231017006,18p.xlsx,2025-06-25 22:39:29
https://ksiem.sectica.com/tickets/CSOC-OPAY20231017005,18p.xlsx,2025-06-25 22:39:29
https://ksiem.sectica.com/tickets/CSOC-OPAY20231017004,18p.xlsx,2025-06-25 22:39:29
https://ksiem.sectica.com/tickets/CSOC-OPAY20231017003,18p.xlsx,2025-06-25 22:39:29
https://ksiem.sectica.com/tickets/CSOC-OPAY20231017002,18p.xlsx,2025-06-25 22:39:29
https://ksiem.sectica.com/tickets/CSOC-OPAY20230831001,18p.xlsx,2025-06-25 22:39:29
https://ksiem.sectica.com/tickets/CSOC-OPAY20230822003,18p.xlsx,2025-06-25 22:39:29
https://ksiem.sectica.com/tickets/CSOC-OPAY20230816005,18p.xlsx,2025-06-25 22:39:29
https://ksiem.sectica.com/tickets/CSOC-OPAY20230816003,18p.xlsx,2025-06-25 22:39:29
https://ksiem.sectica.com/tickets/CSOC-OPAY20230731003,18p.xlsx,2025-06-25 22:39:29
https://ksiem.sectica.com/tickets/CSOC-OPAY20230726002,18p.xlsx,2025-06-25 22:39:29
https://ksiem.sectica.com/tickets/CSOC-OPAY20230619004,18p.xlsx,2025-06-25 22:39:29
https://ksiem.sectica.com/tickets/CSOC-OPAY20230619003,18p.xlsx,2025-06-25 22:39:29
https://ksiem.sectica.com/tickets/CSOC-OPAY2023061500S,18p.xlsx,2025-06-25 22:39:29
https://ksiem.sectica.com/tickets/CSOC-OPAY2023061500R,18p.xlsx,2025-06-25 22:39:29
https://ksiem.sectica.com/tickets/CSOC-OPAY2023061500Q,18p.xlsx,2025-06-25 22:39:29
https://ksiem.sectica.com/tickets/CSOC-OPAY2023061500P,18p.xlsx,2025-06-25 22:39:29
https://ksiem.sectica.com/tickets/CSOC-OPAY2023061500O,18p.xlsx,2025-06-25 22:39:29
https://ksiem.sectica.com/tickets/CSOC-OPAY2023061500N,18p.xlsx,2025-06-25 22:39:29
https://ksiem.sectica.com/tickets/CSOC-OPAY2023061500M,18p.xlsx,2025-06-25 22:39:29
https://ksiem.sectica.com/tickets/CSOC-OPAY2023061500L,18p.xlsx,2025-06-25 22:39:29
https://ksiem.sectica.com/tickets/CSOC-OPAY2023061500K,18p.xlsx,2025-06-25 22:39:29
https://ksiem.sectica.com/tickets/CSOC-OPAY2023061500J,18p.xlsx,2025-06-25 22:39:29
https://ksiem.sectica.com/tickets/CSOC-OPAY2023061500I,18p.xlsx,2025-06-25 22:39:29
https://ksiem.sectica.com/tickets/CSOC-OPAY2023061500H,18p.xlsx,2025-06-25 22:39:29
https://ksiem.sectica.com/tickets/CSOC-OPAY2023061400P,18p.xlsx,2025-06-25 22:39:29
https://ksiem.sectica.com/tickets/CSOC-OPAY2023061400O,18p.xlsx,2025-06-25 22:39:29
https://ksiem.sectica.com/tickets/CSOC-OPAY2023061400N,18p.xlsx,2025-06-25 22:39:29
https://ksiem.sectica.com/tickets/CSOC-OPAY2023061400M,18p.xlsx,2025-06-25 22:39:29
https://ksiem.sectica.com/tickets/CSOC-OPAY2023061400L,18p.xlsx,2025-06-25 22:39:29
https://ksiem.sectica.com/tickets/CSOC-OPAY2023061400K,18p.xlsx,2025-06-25 22:39:29
https://ksiem.sectica.com/tickets/CSOC-OPAY2023061400J,18p.xlsx,2025-06-25 22:39:29
https://ksiem.sectica.com/tickets/CSOC-OPAY2023061400I,18p.xlsx,2025-06-25 22:39:29
https://ksiem.sectica.com/tickets/CSOC-OPAY2023061400H,18p.xlsx,2025-06-25 22:39:29
https://ksiem.sectica.com/tickets/CSOC-OPAY2023061400G,18p.xlsx,2025-06-25 22:39:29
https://ksiem.sectica.com/tickets/CSOC-OPAY2023061400F,18p.xlsx,2025-06-25 22:39:29
https://ksiem.sectica.com/tickets/CSOC-OPAY2023061400E,18p.xlsx,2025-06-25 22:39:29
https://ksiem.sectica.com/tickets/CSOC-OPAY2023061400D,18p.xlsx,2025-06-25 22:39:29
https://ksiem.sectica.com/tickets/CSOC-OPAY2023061400C,18p.xlsx,2025-06-25 22:39:29
https://ksiem.sectica.com/tickets/CSOC-OPAY2023061400B,18p.xlsx,2025-06-25 22:39:29
https://ksiem.sectica.com/tickets/CSOC-OPAY2023061400A,18p.xlsx,2025-06-25 22:39:29
https://ksiem.sectica.com/tickets/CSOC-OPAY20230614009,18p.xlsx,2025-06-25 22:39:29
https://ksiem.sectica.com/tickets/CSOC-OPAY20230614008,18p.xlsx,2025-06-25 22:39:29
https://ksiem.sectica.com/tickets/CSOC-OPAY20230614007,18p.xlsx,2025-06-25 22:39:29
https://ksiem.sectica.com/tickets/CSOC-OPAY20230614006,18p.xlsx,2025-06-25 22:39:29
https://ksiem.sectica.com/tickets/CSOC-OPAY20230614005,18p.xlsx,2025-06-25 22:39:29
https://ksiem.sectica.com/tickets/CSOC-OPAY2023060800I,18p.xlsx,2025-06-25 22:39:29
https://ksiem.sectica.com/tickets/CSOC-OPAY20250128005,01p.xlsx,2025-06-25 22:39:29
https://ksiem.sectica.com/tickets/CSOC-OPAY20250128004,01p.xlsx,2025-06-25 22:39:29
https://ksiem.sectica.com/tickets/CSOC-OPAY20250128003,01p.xlsx,2025-06-25 22:39:29
https://ksiem.sectica.com/tickets/CSOC-OPAY20250128002,01p.xlsx,2025-06-25 22:39:29
https://ksiem.sectica.com/tickets/CSOC-OPAY20250128001,01p.xlsx,2025-06-25 22:39:29
https://ksiem.sectica.com/tickets/CSOC-OPAY2024121200O,01p.xlsx,2025-06-25 22:39:29
https://ksiem.sectica.com/tickets/CSOC-OPAY2024121200N,01p.xlsx,2025-06-25 22:39:29
https://ksiem.sectica.com/tickets/CSOC-OPAY2024121200M,01p.xlsx,2025-06-25 22:39:29
https://ksiem.sectica.com/tickets/CSOC-OPAY2024121200L,01p.xlsx,2025-06-25 22:39:29
https://ksiem.sectica.com/tickets/CSOC-OPAY2024121200K,01p.xlsx,2025-06-25 22:39:29
https://ksiem.sectica.com/tickets/CSOC-OPAY2024121200J,01p.xlsx,2025-06-25 22:39:29
https://ksiem.sectica.com/tickets/CSOC-OPAY2024121200I,01p.xlsx,2025-06-25 22:39:29
https://ksiem.sectica.com/tickets/CSOC-OPAY2024121200H,01p.xlsx,2025-06-25 22:39:29
https://ksiem.sectica.com/tickets/CSOC-OPAY2024121200G,01p.xlsx,2025-06-25 22:39:29
https://ksiem.sectica.com/tickets/CSOC-OPAY2024121200F,01p.xlsx,2025-06-25 22:39:29
https://ksiem.sectica.com/tickets/CSOC-OPAY2024121200E,01p.xlsx,2025-06-25 22:39:29
https://ksiem.sectica.com/tickets/CSOC-OPAY2024121200D,01p.xlsx,2025-06-25 22:39:29
https://ksiem.sectica.com/tickets/CSOC-OPAY2024121200C,01p.xlsx,2025-06-25 22:39:29
https://ksiem.sectica.com/tickets/CSOC-OPAY2024121200B,01p.xlsx,2025-06-25 22:39:29
https://ksiem.sectica.com/tickets/CSOC-OPAY2024121200A,01p.xlsx,2025-06-25 22:39:29
https://ksiem.sectica.com/tickets/CSOC-OPAY20241212009,01p.xlsx,2025-06-25 22:39:29
https://ksiem.sectica.com/tickets/CSOC-OPAY20241212008,01p.xlsx,2025-06-25 22:39:29
https://ksiem.sectica.com/tickets/CSOC-OPAY20241212007,01p.xlsx,2025-06-25 22:39:29
https://ksiem.sectica.com/tickets/CSOC-OPAY20241212006,01p.xlsx,2025-06-25 22:39:29
https://ksiem.sectica.com/tickets/CSOC-OPAY20241212005,01p.xlsx,2025-06-25 22:39:29
https://ksiem.sectica.com/tickets/CSOC-OPAY20241212004,01p.xlsx,2025-06-25 22:39:29
https://ksiem.sectica.com/tickets/CSOC-OPAY20241212003,01p.xlsx,2025-06-25 22:39:29
https://ksiem.sectica.com/tickets/CSOC-OPAY20241212002,01p.xlsx,2025-06-25 22:39:29
https://ksiem.sectica.com/tickets/CSOC-OPAY20241212001,01p.xlsx,2025-06-25 22:39:29
https://ksiem.sectica.com/tickets/CSOC-OPAY20241211005,01p.xlsx,2025-06-25 22:39:29
https://ksiem.sectica.com/tickets/CSOC-OPAY20241211004,01p.xlsx,2025-06-25 22:39:29
https://ksiem.sectica.com/tickets/CSOC-OPAY20241211003,01p.xlsx,2025-06-25 22:39:29
https://ksiem.sectica.com/tickets/CSOC-OPAY20241211002,01p.xlsx,2025-06-25 22:39:29
https://ksiem.sectica.com/tickets/CSOC-OPAY20241211001,01p.xlsx,2025-06-25 22:39:29
https://ksiem.sectica.com/tickets/CSOC-OPAY2024111500C,01p.xlsx,2025-06-25 22:39:29
https://ksiem.sectica.com/tickets/CSOC-OPAY2024111500B,01p.xlsx,2025-06-25 22:39:29
https://ksiem.sectica.com/tickets/CSOC-OPAY2024111500A,01p.xlsx,2025-06-25 22:39:29
https://ksiem.sectica.com/tickets/CSOC-OPAY20241115009,01p.xlsx,2025-06-25 22:39:29
https://ksiem.sectica.com/tickets/CSOC-OPAY20241115008,01p.xlsx,2025-06-25 22:39:29
https://ksiem.sectica.com/tickets/CSOC-OPAY20241115007,01p.xlsx,2025-06-25 22:39:29
https://ksiem.sectica.com/tickets/CSOC-OPAY20241115006,01p.xlsx,2025-06-25 22:39:29
https://ksiem.sectica.com/tickets/CSOC-OPAY20241115005,01p.xlsx,2025-06-25 22:39:29
https://ksiem.sectica.com/tickets/CSOC-OPAY20241115004,01p.xlsx,2025-06-25 22:39:29
https://ksiem.sectica.com/tickets/CSOC-OPAY20241115003,01p.xlsx,2025-06-25 22:39:29
https://ksiem.sectica.com/tickets/CSOC-OPAY20241115002,01p.xlsx,2025-06-25 22:39:29
https://ksiem.sectica.com/tickets/CSOC-OPAY20241115001,01p.xlsx,2025-06-25 22:39:29
https://ksiem.sectica.com/tickets/CSOC-OPAY20241115000,01p.xlsx,2025-06-25 22:39:29
https://ksiem.sectica.com/tickets/CSOC-OPAY20241110001,01p.xlsx,2025-06-25 22:39:29
https://ksiem.sectica.com/tickets/CSOC-OPAY20241110000,01p.xlsx,2025-06-25 22:39:29
https://ksiem.sectica.com/tickets/CSOC-OPAY2023071000C,01p.xlsx,2025-06-25 22:39:29
https://ksiem.sectica.com/tickets/CSOC-OPAY2023091500R,26p.xlsx,2025-06-25 22:39:29
https://ksiem.sectica.com/tickets/CSOC-OPAY2023091500Q,26p.xlsx,2025-06-25 22:39:29
https://ksiem.sectica.com/tickets/CSOC-OPAY2023091500P,26p.xlsx,2025-06-25 22:39:29
https://ksiem.sectica.com/tickets/CSOC-OPAY2023091500O,26p.xlsx,2025-06-25 22:39:29
https://ksiem.sectica.com/tickets/CSOC-OPAY2023091500N,26p.xlsx,2025-06-25 22:39:29
https://ksiem.sectica.com/tickets/CSOC-OPAY2023091500M,26p.xlsx,2025-06-25 22:39:29
https://ksiem.sectica.com/tickets/CSOC-OPAY2023091500L,26p.xlsx,2025-06-25 22:39:29
https://ksiem.sectica.com/tickets/CSOC-OPAY2023091500K,26p.xlsx,2025-06-25 22:39:29
https://ksiem.sectica.com/tickets/CSOC-OPAY2023091500J,26p.xlsx,2025-06-25 22:39:29
https://ksiem.sectica.com/tickets/CSOC-OPAY2023091500I,26p.xlsx,2025-06-25 22:39:29
https://ksiem.sectica.com/tickets/CSOC-OPAY2023091500H,26p.xlsx,2025-06-25 22:39:29
https://ksiem.sectica.com/tickets/CSOC-OPAY2023091500G,26p.xlsx,2025-06-25 22:39:29
https://ksiem.sectica.com/tickets/CSOC-OPAY2023091500F,26p.xlsx,2025-06-25 22:39:29
https://ksiem.sectica.com/tickets/CSOC-OPAY2023091500E,26p.xlsx,2025-06-25 22:39:29
https://ksiem.sectica.com/tickets/CSOC-OPAY2023091500D,26p.xlsx,2025-06-25 22:39:29
https://ksiem.sectica.com/tickets/CSOC-OPAY2023091500C,26p.xlsx,2025-06-25 22:39:29
https://ksiem.sectica.com/tickets/CSOC-OPAY2023091500B,26p.xlsx,2025-06-25 22:39:29
https://ksiem.sectica.com/tickets/CSOC-OPAY2023091500A,26p.xlsx,2025-06-25 22:39:29
https://ksiem.sectica.com/tickets/CSOC-OPAY20230915009,26p.xlsx,2025-06-25 22:39:29
https://ksiem.sectica.com/tickets/CSOC-OPAY20230915008,26p.xlsx,2025-06-25 22:39:29
https://ksiem.sectica.com/tickets/CSOC-OPAY20230915007,26p.xlsx,2025-06-25 22:39:29
https://ksiem.sectica.com/tickets/CSOC-OPAY20230915006,26p.xlsx,2025-06-25 22:39:29
https://ksiem.sectica.com/tickets/CSOC-OPAY20230915005,26p.xlsx,2025-06-25 22:39:29
https://ksiem.sectica.com/tickets/CSOC-OPAY20230915004,26p.xlsx,2025-06-25 22:39:29
https://ksiem.sectica.com/tickets/CSOC-OPAY20230915003,26p.xlsx,2025-06-25 22:39:29
https://ksiem.sectica.com/tickets/CSOC-OPAY20230915002,26p.xlsx,2025-06-25 22:39:29
https://ksiem.sectica.com/tickets/CSOC-OPAY20230915001,26p.xlsx,2025-06-25 22:39:29
https://ksiem.sectica.com/tickets/CSOC-OPAY2023091400T,26p.xlsx,2025-06-25 22:39:29
https://ksiem.sectica.com/tickets/CSOC-OPAY2023091400Q,26p.xlsx,2025-06-25 22:39:29
https://ksiem.sectica.com/tickets/CSOC-OPAY2023091400P,26p.xlsx,2025-06-25 22:39:29
https://ksiem.sectica.com/tickets/CSOC-OPAY2023091400O,26p.xlsx,2025-06-25 22:39:29
https://ksiem.sectica.com/tickets/CSOC-OPAY2023091400N,26p.xlsx,2025-06-25 22:39:29
https://ksiem.sectica.com/tickets/CSOC-OPAY2023091400M,26p.xlsx,2025-06-25 22:39:29
https://ksiem.sectica.com/tickets/CSOC-OPAY2023091400L,26p.xlsx,2025-06-25 22:39:29
https://ksiem.sectica.com/tickets/CSOC-OPAY2023091400K,26p.xlsx,2025-06-25 22:39:29
https://ksiem.sectica.com/tickets/CSOC-OPAY2023091400J,26p.xlsx,2025-06-25 22:39:29
https://ksiem.sectica.com/tickets/CSOC-OPAY2023091400I,26p.xlsx,2025-06-25 22:39:29
https://ksiem.sectica.com/tickets/CSOC-OPAY2023091400H,26p.xlsx,2025-06-25 22:39:29
https://ksiem.sectica.com/tickets/CSOC-OPAY2023091400G,26p.xlsx,2025-06-25 22:39:29
https://ksiem.sectica.com/tickets/CSOC-OPAY2023091400F,26p.xlsx,2025-06-25 22:39:29
https://ksiem.sectica.com/tickets/CSOC-OPAY2023091400E,26p.xlsx,2025-06-25 22:39:29
https://ksiem.sectica.com/tickets/CSOC-OPAY2023091400D,26p.xlsx,2025-06-25 22:39:29
https://ksiem.sectica.com/tickets/CSOC-OPAY2023091400C,26p.xlsx,2025-06-25 22:39:29
https://ksiem.sectica.com/tickets/CSOC-OPAY2023091400B,26p.xlsx,2025-06-25 22:39:29
https://ksiem.sectica.com/tickets/CSOC-OPAY2023091400A,26p.xlsx,2025-06-25 22:39:29
https://ksiem.sectica.com/tickets/CSOC-OPAY20230914007,26p.xlsx,2025-06-25 22:39:29
https://ksiem.sectica.com/tickets/CSOC-OPAY20230914006,26p.xlsx,2025-06-25 22:39:29
https://ksiem.sectica.com/tickets/CSOC-OPAY20230914005,26p.xlsx,2025-06-25 22:39:29
https://ksiem.sectica.com/tickets/CSOC-OPAY20230914004,26p.xlsx,2025-06-25 22:39:29
https://ksiem.sectica.com/tickets/CSOC-OPAY20230914003,26p.xlsx,2025-06-25 22:39:29
https://ksiem.sectica.com/tickets/CSOC-OPAY20240830004,14p.xlsx,2025-06-25 22:39:29
https://ksiem.sectica.com/tickets/CSOC-OPAY20240830003,14p.xlsx,2025-06-25 22:39:29
https://ksiem.sectica.com/tickets/CSOC-OPAY20240830002,14p.xlsx,2025-06-25 22:39:29
https://ksiem.sectica.com/tickets/CSOC-OPAY20240830001,14p.xlsx,2025-06-25 22:39:29
https://ksiem.sectica.com/tickets/CSOC-OPAY20240830000,14p.xlsx,2025-06-25 22:39:29
https://ksiem.sectica.com/tickets/CSOC-OPAY20240828004,14p.xlsx,2025-06-25 22:39:29
https://ksiem.sectica.com/tickets/CSOC-OPAY20240828003,14p.xlsx,2025-06-25 22:39:29
https://ksiem.sectica.com/tickets/CSOC-OPAY20240828002,14p.xlsx,2025-06-25 22:39:29
https://ksiem.sectica.com/tickets/CSOC-OPAY20240828001,14p.xlsx,2025-06-25 22:39:29
https://ksiem.sectica.com/tickets/CSOC-OPAY20240720000,14p.xlsx,2025-06-25 22:39:29
https://ksiem.sectica.com/tickets/CSOC-OPAY20240629006,14p.xlsx,2025-06-25 22:39:29
https://ksiem.sectica.com/tickets/CSOC-OPAY20240629005,14p.xlsx,2025-06-25 22:39:29
https://ksiem.sectica.com/tickets/CSOC-OPAY20240629004,14p.xlsx,2025-06-25 22:39:29
https://ksiem.sectica.com/tickets/CSOC-OPAY20240629003,14p.xlsx,2025-06-25 22:39:29
https://ksiem.sectica.com/tickets/CSOC-OPAY20240629002,14p.xlsx,2025-06-25 22:39:29
https://ksiem.sectica.com/tickets/CSOC-OPAY20240629001,14p.xlsx,2025-06-25 22:39:29
https://ksiem.sectica.com/tickets/CSOC-OPAY20240629000,14p.xlsx,2025-06-25 22:39:29
https://ksiem.sectica.com/tickets/CSOC-OPAY20240628008,14p.xlsx,2025-06-25 22:39:29
https://ksiem.sectica.com/tickets/CSOC-OPAY20240628007,14p.xlsx,2025-06-25 22:39:29
https://ksiem.sectica.com/tickets/CSOC-OPAY20240628006,14p.xlsx,2025-06-25 22:39:29
https://ksiem.sectica.com/tickets/CSOC-OPAY20240628005,14p.xlsx,2025-06-25 22:39:29
https://ksiem.sectica.com/tickets/CSOC-OPAY20240628004,14p.xlsx,2025-06-25 22:39:29
https://ksiem.sectica.com/tickets/CSOC-OPAY20240628003,14p.xlsx,2025-06-25 22:39:29
https://ksiem.sectica.com/tickets/CSOC-OPAY20240628002,14p.xlsx,2025-06-25 22:39:29
https://ksiem.sectica.com/tickets/CSOC-OPAY20240628001,14p.xlsx,2025-06-25 22:39:29
https://ksiem.sectica.com/tickets/CSOC-OPAY2024062000D,14p.xlsx,2025-06-25 22:39:29
https://ksiem.sectica.com/tickets/CSOC-OPAY2024062000C,14p.xlsx,2025-06-25 22:39:29
https://ksiem.sectica.com/tickets/CSOC-OPAY2024062000B,14p.xlsx,2025-06-25 22:39:29
https://ksiem.sectica.com/tickets/CSOC-OPAY2024062000A,14p.xlsx,2025-06-25 22:39:29
https://ksiem.sectica.com/tickets/CSOC-OPAY20240620009,14p.xlsx,2025-06-25 22:39:29
https://ksiem.sectica.com/tickets/CSOC-OPAY20240620008,14p.xlsx,2025-06-25 22:39:29
https://ksiem.sectica.com/tickets/CSOC-OPAY20240620007,14p.xlsx,2025-06-25 22:39:29
https://ksiem.sectica.com/tickets/CSOC-OPAY20240620006,14p.xlsx,2025-06-25 22:39:29
https://ksiem.sectica.com/tickets/CSOC-OPAY20240620005,14p.xlsx,2025-06-25 22:39:29
https://ksiem.sectica.com/tickets/CSOC-OPAY20240620004,14p.xlsx,2025-06-25 22:39:29
https://ksiem.sectica.com/tickets/CSOC-OPAY20240620003,14p.xlsx,2025-06-25 22:39:29
https://ksiem.sectica.com/tickets/CSOC-OPAY20240620002,14p.xlsx,2025-06-25 22:39:29
https://ksiem.sectica.com/tickets/CSOC-OPAY20240620001,14p.xlsx,2025-06-25 22:39:29
https://ksiem.sectica.com/tickets/CSOC-OPAY20240620000,14p.xlsx,2025-06-25 22:39:29
https://ksiem.sectica.com/tickets/CSOC-OPAY2024061900A,14p.xlsx,2025-06-25 22:39:29
https://ksiem.sectica.com/tickets/CSOC-OPAY20240619009,14p.xlsx,2025-06-25 22:39:29
https://ksiem.sectica.com/tickets/CSOC-OPAY20240619008,14p.xlsx,2025-06-25 22:39:29
https://ksiem.sectica.com/tickets/CSOC-OPAY20240619007,14p.xlsx,2025-06-25 22:39:29
https://ksiem.sectica.com/tickets/CSOC-OPAY20240619006,14p.xlsx,2025-06-25 22:39:29
https://ksiem.sectica.com/tickets/CSOC-OPAY20240619005,14p.xlsx,2025-06-25 22:39:29
https://ksiem.sectica.com/tickets/CSOC-OPAY20240619004,14p.xlsx,2025-06-25 22:39:29
https://ksiem.sectica.com/tickets/CSOC-OPAY20240619003,14p.xlsx,2025-06-25 22:39:29
https://ksiem.sectica.com/tickets/CSOC-OPAY20240619002,14p.xlsx,2025-06-25 22:39:29
https://ksiem.sectica.com/tickets/CSOC-OPAY20240619001,14p.xlsx,2025-06-25 22:39:29
https://ksiem.sectica.com/tickets/CSOC-OPAY20240619000,14p.xlsx,2025-06-25 22:39:29
https://ksiem.sectica.com/tickets/CSOC-OPAY20240408004,08p.xlsx,2025-06-25 22:39:29
https://ksiem.sectica.com/tickets/CSOC-OPAY20240408003,08p.xlsx,2025-06-25 22:39:29
https://ksiem.sectica.com/tickets/CSOC-OPAY20240408001,08p.xlsx,2025-06-25 22:39:29
https://ksiem.sectica.com/tickets/CSOC-OPAY20240406006,08p.xlsx,2025-06-25 22:39:29
https://ksiem.sectica.com/tickets/CSOC-OPAY20240406005,08p.xlsx,2025-06-25 22:39:29
https://ksiem.sectica.com/tickets/CSOC-OPAY20240406004,08p.xlsx,2025-06-25 22:39:29
https://ksiem.sectica.com/tickets/CSOC-OPAY20240406003,08p.xlsx,2025-06-25 22:39:29
https://ksiem.sectica.com/tickets/CSOC-OPAY20240406002,08p.xlsx,2025-06-25 22:39:29
https://ksiem.sectica.com/tickets/CSOC-OPAY20240406001,08p.xlsx,2025-06-25 22:39:29
https://ksiem.sectica.com/tickets/CSOC-OPAY20240406000,08p.xlsx,2025-06-25 22:39:29
https://ksiem.sectica.com/tickets/CSOC-OPAY20240404007,08p.xlsx,2025-06-25 22:39:29
https://ksiem.sectica.com/tickets/CSOC-OPAY20240404006,08p.xlsx,2025-06-25 22:39:29
https://ksiem.sectica.com/tickets/CSOC-OPAY20240404005,08p.xlsx,2025-06-25 22:39:29
https://ksiem.sectica.com/tickets/CSOC-OPAY20240404004,08p.xlsx,2025-06-25 22:39:29
https://ksiem.sectica.com/tickets/CSOC-OPAY20240404003,08p.xlsx,2025-06-25 22:39:29
https://ksiem.sectica.com/tickets/CSOC-OPAY20240404002,08p.xlsx,2025-06-25 22:39:29
https://ksiem.sectica.com/tickets/CSOC-OPAY20240404001,08p.xlsx,2025-06-25 22:39:29
https://ksiem.sectica.com/tickets/CSOC-OPAY2024040300V,08p.xlsx,2025-06-25 22:39:29
https://ksiem.sectica.com/tickets/CSOC-OPAY2024040300U,08p.xlsx,2025-06-25 22:39:29
https://ksiem.sectica.com/tickets/CSOC-OPAY2024040300T,08p.xlsx,2025-06-25 22:39:29
https://ksiem.sectica.com/tickets/CSOC-OPAY2024040300S,08p.xlsx,2025-06-25 22:39:29
https://ksiem.sectica.com/tickets/CSOC-OPAY2024040300R,08p.xlsx,2025-06-25 22:39:29
https://ksiem.sectica.com/tickets/CSOC-OPAY2024040300Q,08p.xlsx,2025-06-25 22:39:29
https://ksiem.sectica.com/tickets/CSOC-OPAY2024040300P,08p.xlsx,2025-06-25 22:39:29
https://ksiem.sectica.com/tickets/CSOC-OPAY2024040300O,08p.xlsx,2025-06-25 22:39:29
https://ksiem.sectica.com/tickets/CSOC-OPAY2024040300N,08p.xlsx,2025-06-25 22:39:29
https://ksiem.sectica.com/tickets/CSOC-OPAY2024040300M,08p.xlsx,2025-06-25 22:39:29
https://ksiem.sectica.com/tickets/CSOC-OPAY2024040300L,08p.xlsx,2025-06-25 22:39:29
https://ksiem.sectica.com/tickets/CSOC-OPAY2024040300K,08p.xlsx,2025-06-25 22:39:29
https://ksiem.sectica.com/tickets/CSOC-OPAY2024040300J,08p.xlsx,2025-06-25 22:39:29
https://ksiem.sectica.com/tickets/CSOC-OPAY2024040300I,08p.xlsx,2025-06-25 22:39:29
https://ksiem.sectica.com/tickets/CSOC-OPAY2024040300H,08p.xlsx,2025-06-25 22:39:29
https://ksiem.sectica.com/tickets/CSOC-OPAY2024040300G,08p.xlsx,2025-06-25 22:39:29
https://ksiem.sectica.com/tickets/CSOC-OPAY2024040300F,08p.xlsx,2025-06-25 22:39:29
https://ksiem.sectica.com/tickets/CSOC-OPAY2024040300E,08p.xlsx,2025-06-25 22:39:29
https://ksiem.sectica.com/tickets/CSOC-OPAY2024040300D,08p.xlsx,2025-06-25 22:39:29
https://ksiem.sectica.com/tickets/CSOC-OPAY2024040300C,08p.xlsx,2025-06-25 22:39:29
https://ksiem.sectica.com/tickets/CSOC-OPAY2024040300B,08p.xlsx,2025-06-25 22:39:29
https://ksiem.sectica.com/tickets/CSOC-OPAY2024040300A,08p.xlsx,2025-06-25 22:39:29
https://ksiem.sectica.com/tickets/CSOC-OPAY20240403009,08p.xlsx,2025-06-25 22:39:29
https://ksiem.sectica.com/tickets/CSOC-OPAY20240403008,08p.xlsx,2025-06-25 22:39:29
https://ksiem.sectica.com/tickets/CSOC-OPAY20240403007,08p.xlsx,2025-06-25 22:39:29
https://ksiem.sectica.com/tickets/CSOC-OPAY20240403006,08p.xlsx,2025-06-25 22:39:29
https://ksiem.sectica.com/tickets/CSOC-OPAY20240403005,08p.xlsx,2025-06-25 22:39:29
https://ksiem.sectica.com/tickets/CSOC-OPAY20240403004,08p.xlsx,2025-06-25 22:39:29
https://ksiem.sectica.com/tickets/CSOC-OPAY20240403003,08p.xlsx,2025-06-25 22:39:29
https://ksiem.sectica.com/tickets/CSOC-OPAY20240403002,08p.xlsx,2025-06-25 22:39:29
https://ksiem.sectica.com/tickets/CSOC-OPAY20240403001,08p.xlsx,2025-06-25 22:39:29
https://ksiem.sectica.com/tickets/CSOC-OPAY20240403000,08p.xlsx,2025-06-25 22:39:29
https://ksiem.sectica.com/tickets/CSOC-OPAY20240328005,08p.xlsx,2025-06-25 22:39:29
https://ksiem.sectica.com/tickets/CSOC-OPAY2024022600C,05p.xlsx,2025-06-25 22:39:29
https://ksiem.sectica.com/tickets/CSOC-OPAY2024022600B,05p.xlsx,2025-06-25 22:39:29
https://ksiem.sectica.com/tickets/CSOC-OPAY2024022600A,05p.xlsx,2025-06-25 22:39:29
https://ksiem.sectica.com/tickets/CSOC-OPAY20240226009,05p.xlsx,2025-06-25 22:39:29
https://ksiem.sectica.com/tickets/CSOC-OPAY20240226007,05p.xlsx,2025-06-25 22:39:29
https://ksiem.sectica.com/tickets/CSOC-OPAY20240226006,05p.xlsx,2025-06-25 22:39:29
https://ksiem.sectica.com/tickets/CSOC-OPAY20240226005,05p.xlsx,2025-06-25 22:39:29
https://ksiem.sectica.com/tickets/CSOC-OPAY20240226004,05p.xlsx,2025-06-25 22:39:29
https://ksiem.sectica.com/tickets/CSOC-OPAY20240226003,05p.xlsx,2025-06-25 22:39:29
https://ksiem.sectica.com/tickets/CSOC-OPAY20240226002,05p.xlsx,2025-06-25 22:39:29
https://ksiem.sectica.com/tickets/CSOC-OPAY20240226001,05p.xlsx,2025-06-25 22:39:29
https://ksiem.sectica.com/tickets/CSOC-OPAY20240223002,05p.xlsx,2025-06-25 22:39:29
https://ksiem.sectica.com/tickets/CSOC-OPAY20240222004,05p.xlsx,2025-06-25 22:39:29
https://ksiem.sectica.com/tickets/CSOC-OPAY20240222003,05p.xlsx,2025-06-25 22:39:29
https://ksiem.sectica.com/tickets/CSOC-OPAY20240222002,05p.xlsx,2025-06-25 22:39:29
https://ksiem.sectica.com/tickets/CSOC-OPAY20240222001,05p.xlsx,2025-06-25 22:39:29
https://ksiem.sectica.com/tickets/CSOC-OPAY20240221003,05p.xlsx,2025-06-25 22:39:29
https://ksiem.sectica.com/tickets/CSOC-OPAY20240221002,05p.xlsx,2025-06-25 22:39:29
https://ksiem.sectica.com/tickets/CSOC-OPAY20240221001,05p.xlsx,2025-06-25 22:39:29
https://ksiem.sectica.com/tickets/CSOC-OPAY2024022000B,05p.xlsx,2025-06-25 22:39:29
https://ksiem.sectica.com/tickets/CSOC-OPAY2024022000A,05p.xlsx,2025-06-25 22:39:29
https://ksiem.sectica.com/tickets/CSOC-OPAY20240220009,05p.xlsx,2025-06-25 22:39:29
https://ksiem.sectica.com/tickets/CSOC-OPAY20240220008,05p.xlsx,2025-06-25 22:39:29
https://ksiem.sectica.com/tickets/CSOC-OPAY20240220007,05p.xlsx,2025-06-25 22:39:29
https://ksiem.sectica.com/tickets/CSOC-OPAY20240220006,05p.xlsx,2025-06-25 22:39:29
https://ksiem.sectica.com/tickets/CSOC-OPAY20240220005,05p.xlsx,2025-06-25 22:39:29
https://ksiem.sectica.com/tickets/CSOC-OPAY20240220004,05p.xlsx,2025-06-25 22:39:29
https://ksiem.sectica.com/tickets/CSOC-OPAY20240220003,05p.xlsx,2025-06-25 22:39:29
https://ksiem.sectica.com/tickets/CSOC-OPAY20240220002,05p.xlsx,2025-06-25 22:39:29
https://ksiem.sectica.com/tickets/CSOC-OPAY20240220001,05p.xlsx,2025-06-25 22:39:29
https://ksiem.sectica.com/tickets/CSOC-OPAY20240216007,05p.xlsx,2025-06-25 22:39:29
https://ksiem.sectica.com/tickets/CSOC-OPAY20240216006,05p.xlsx,2025-06-25 22:39:29
https://ksiem.sectica.com/tickets/CSOC-OPAY20240216005,05p.xlsx,2025-06-25 22:39:29
https://ksiem.sectica.com/tickets/CSOC-OPAY20240216004,05p.xlsx,2025-06-25 22:39:29
https://ksiem.sectica.com/tickets/CSOC-OPAY20240216003,05p.xlsx,2025-06-25 22:39:29
https://ksiem.sectica.com/tickets/CSOC-OPAY20240216002,05p.xlsx,2025-06-25 22:39:29
https://ksiem.sectica.com/tickets/CSOC-OPAY20240216001,05p.xlsx,2025-06-25 22:39:29
https://ksiem.sectica.com/tickets/CSOC-OPAY20240212004,05p.xlsx,2025-06-25 22:39:29
https://ksiem.sectica.com/tickets/CSOC-OPAY20240212003,05p.xlsx,2025-06-25 22:39:29
https://ksiem.sectica.com/tickets/CSOC-OPAY20240212002,05p.xlsx,2025-06-25 22:39:29
https://ksiem.sectica.com/tickets/CSOC-OPAY20240212001,05p.xlsx,2025-06-25 22:39:29
https://ksiem.sectica.com/tickets/CSOC-OPAY20240209007,05p.xlsx,2025-06-25 22:39:29
https://ksiem.sectica.com/tickets/CSOC-OPAY20240209006,05p.xlsx,2025-06-25 22:39:29
https://ksiem.sectica.com/tickets/CSOC-OPAY20240209004,05p.xlsx,2025-06-25 22:39:29
https://ksiem.sectica.com/tickets/CSOC-OPAY20240209003,05p.xlsx,2025-06-25 22:39:29
https://ksiem.sectica.com/tickets/CSOC-OPAY20240209002,05p.xlsx,2025-06-25 22:39:29
https://ksiem.sectica.com/tickets/CSOC-OPAY20240209001,05p.xlsx,2025-06-25 22:39:29
https://ksiem.sectica.com/tickets/CSOC-OPAY20240207005,05p.xlsx,2025-06-25 22:39:29
https://ksiem.sectica.com/tickets/CSOC-OPAY20240207004,05p.xlsx,2025-06-25 22:39:29
https://ksiem.sectica.com/tickets/CSOC-OPAY20240207003,05p.xlsx,2025-06-25 22:39:29
https://ksiem.sectica.com/tickets/CSOC-OPAY2024050300M,10p.xlsx,2025-06-25 22:39:29
https://ksiem.sectica.com/tickets/CSOC-OPAY2024050300L,10p.xlsx,2025-06-25 22:39:29
https://ksiem.sectica.com/tickets/CSOC-OPAY2024050300K,10p.xlsx,2025-06-25 22:39:29
https://ksiem.sectica.com/tickets/CSOC-OPAY2024050300J,10p.xlsx,2025-06-25 22:39:29
https://ksiem.sectica.com/tickets/CSOC-OPAY2024050300I,10p.xlsx,2025-06-25 22:39:29
https://ksiem.sectica.com/tickets/CSOC-OPAY2024050300H,10p.xlsx,2025-06-25 22:39:29
https://ksiem.sectica.com/tickets/CSOC-OPAY2024050300G,10p.xlsx,2025-06-25 22:39:29
https://ksiem.sectica.com/tickets/CSOC-OPAY2024050300F,10p.xlsx,2025-06-25 22:39:29
https://ksiem.sectica.com/tickets/CSOC-OPAY2024050300E,10p.xlsx,2025-06-25 22:39:29
https://ksiem.sectica.com/tickets/CSOC-OPAY2024050300D,10p.xlsx,2025-06-25 22:39:29
https://ksiem.sectica.com/tickets/CSOC-OPAY2024050300C,10p.xlsx,2025-06-25 22:39:29
https://ksiem.sectica.com/tickets/CSOC-OPAY2024050300B,10p.xlsx,2025-06-25 22:39:29
https://ksiem.sectica.com/tickets/CSOC-OPAY2024050300A,10p.xlsx,2025-06-25 22:39:29
https://ksiem.sectica.com/tickets/CSOC-OPAY20240503009,10p.xlsx,2025-06-25 22:39:29
https://ksiem.sectica.com/tickets/CSOC-OPAY20240503008,10p.xlsx,2025-06-25 22:39:29
https://ksiem.sectica.com/tickets/CSOC-OPAY20240503007,10p.xlsx,2025-06-25 22:39:29
https://ksiem.sectica.com/tickets/CSOC-OPAY20240503006,10p.xlsx,2025-06-25 22:39:29
https://ksiem.sectica.com/tickets/CSOC-OPAY20240503005,10p.xlsx,2025-06-25 22:39:29
https://ksiem.sectica.com/tickets/CSOC-OPAY20240503004,10p.xlsx,2025-06-25 22:39:29
https://ksiem.sectica.com/tickets/CSOC-OPAY20240503003,10p.xlsx,2025-06-25 22:39:29
https://ksiem.sectica.com/tickets/CSOC-OPAY20240503002,10p.xlsx,2025-06-25 22:39:29
https://ksiem.sectica.com/tickets/CSOC-OPAY20240503001,10p.xlsx,2025-06-25 22:39:29
https://ksiem.sectica.com/tickets/CSOC-OPAY2024042900D,10p.xlsx,2025-06-25 22:39:29
https://ksiem.sectica.com/tickets/CSOC-OPAY2024042900C,10p.xlsx,2025-06-25 22:39:29
https://ksiem.sectica.com/tickets/CSOC-OPAY2024042900B,10p.xlsx,2025-06-25 22:39:29
https://ksiem.sectica.com/tickets/CSOC-OPAY2024042900A,10p.xlsx,2025-06-25 22:39:29
https://ksiem.sectica.com/tickets/CSOC-OPAY20240429009,10p.xlsx,2025-06-25 22:39:29
https://ksiem.sectica.com/tickets/CSOC-OPAY20240429008,10p.xlsx,2025-06-25 22:39:29
https://ksiem.sectica.com/tickets/CSOC-OPAY20240429007,10p.xlsx,2025-06-25 22:39:29
https://ksiem.sectica.com/tickets/CSOC-OPAY20240429006,10p.xlsx,2025-06-25 22:39:29
https://ksiem.sectica.com/tickets/CSOC-OPAY20240429005,10p.xlsx,2025-06-25 22:39:29
https://ksiem.sectica.com/tickets/CSOC-OPAY20240429004,10p.xlsx,2025-06-25 22:39:29
https://ksiem.sectica.com/tickets/CSOC-OPAY20240429003,10p.xlsx,2025-06-25 22:39:29
https://ksiem.sectica.com/tickets/CSOC-OPAY20240429002,10p.xlsx,2025-06-25 22:39:29
https://ksiem.sectica.com/tickets/CSOC-OPAY20240429001,10p.xlsx,2025-06-25 22:39:29
https://ksiem.sectica.com/tickets/CSOC-OPAY2024042600M,10p.xlsx,2025-06-25 22:39:29
https://ksiem.sectica.com/tickets/CSOC-OPAY2024042600L,10p.xlsx,2025-06-25 22:39:29
https://ksiem.sectica.com/tickets/CSOC-OPAY2024042600K,10p.xlsx,2025-06-25 22:39:29
https://ksiem.sectica.com/tickets/CSOC-OPAY2024042600J,10p.xlsx,2025-06-25 22:39:29
https://ksiem.sectica.com/tickets/CSOC-OPAY2024042600I,10p.xlsx,2025-06-25 22:39:29
https://ksiem.sectica.com/tickets/CSOC-OPAY2024042600H,10p.xlsx,2025-06-25 22:39:29
https://ksiem.sectica.com/tickets/CSOC-OPAY2024042600G,10p.xlsx,2025-06-25 22:39:29
https://ksiem.sectica.com/tickets/CSOC-OPAY2024042600F,10p.xlsx,2025-06-25 22:39:29
https://ksiem.sectica.com/tickets/CSOC-OPAY2024042600E,10p.xlsx,2025-06-25 22:39:29
https://ksiem.sectica.com/tickets/CSOC-OPAY2024042600D,10p.xlsx,2025-06-25 22:39:29
https://ksiem.sectica.com/tickets/CSOC-OPAY2024042600C,10p.xlsx,2025-06-25 22:39:29
https://ksiem.sectica.com/tickets/CSOC-OPAY2024042600B,10p.xlsx,2025-06-25 22:39:29
https://ksiem.sectica.com/tickets/CSOC-OPAY2024042600A,10p.xlsx,2025-06-25 22:39:29
https://ksiem.sectica.com/tickets/CSOC-OPAY20240426009,10p.xlsx,2025-06-25 22:39:29
https://ksiem.sectica.com/tickets/CSOC-OPAY20240426008,10p.xlsx,2025-06-25 22:39:29
https://ksiem.sectica.com/tickets/CSOC-OPAY20250528006,02p.xlsx,2025-06-25 22:39:29
https://ksiem.sectica.com/tickets/CSOC-OPAY20250528005,02p.xlsx,2025-06-25 22:39:29
https://ksiem.sectica.com/tickets/CSOC-OPAY20250528004,02p.xlsx,2025-06-25 22:39:29
https://ksiem.sectica.com/tickets/CSOC-OPAY20250528003,02p.xlsx,2025-06-25 22:39:29
https://ksiem.sectica.com/tickets/CSOC-OPAY20250528002,02p.xlsx,2025-06-25 22:39:29
https://ksiem.sectica.com/tickets/CSOC-OPAY20250528001,02p.xlsx,2025-06-25 22:39:29
https://ksiem.sectica.com/tickets/CSOC-OPAY2025012800I,02p.xlsx,2025-06-25 22:39:29
https://ksiem.sectica.com/tickets/CSOC-OPAY2025012800H,02p.xlsx,2025-06-25 22:39:29
https://ksiem.sectica.com/tickets/CSOC-OPAY2025012800G,02p.xlsx,2025-06-25 22:39:29
https://ksiem.sectica.com/tickets/CSOC-OPAY2025012800F,02p.xlsx,2025-06-25 22:39:29
https://ksiem.sectica.com/tickets/CSOC-OPAY2025012800E,02p.xlsx,2025-06-25 22:39:29
https://ksiem.sectica.com/tickets/CSOC-OPAY2025012800D,02p.xlsx,2025-06-25 22:39:29
https://ksiem.sectica.com/tickets/CSOC-OPAY2025012800C,02p.xlsx,2025-06-25 22:39:29
https://ksiem.sectica.com/tickets/CSOC-OPAY2025012800B,02p.xlsx,2025-06-25 22:39:29
https://ksiem.sectica.com/tickets/CSOC-OPAY2025012800A,02p.xlsx,2025-06-25 22:39:29
https://ksiem.sectica.com/tickets/CSOC-OPAY20250128009,02p.xlsx,2025-06-25 22:39:29
https://ksiem.sectica.com/tickets/CSOC-OPAY20250128008,02p.xlsx,2025-06-25 22:39:29
https://ksiem.sectica.com/tickets/CSOC-OPAY20250128007,02p.xlsx,2025-06-25 22:39:29
https://ksiem.sectica.com/tickets/CSOC-OPAY20250128006,02p.xlsx,2025-06-25 22:39:29
https://ksiem.sectica.com/tickets/CSOC-OPAY20241023000,02p.xlsx,2025-06-25 22:39:29
https://ksiem.sectica.com/tickets/CSOC-OPAY20241022000,02p.xlsx,2025-06-25 22:39:29
https://ksiem.sectica.com/tickets/CSOC-OPAY2024102100L,02p.xlsx,2025-06-25 22:39:29
https://ksiem.sectica.com/tickets/CSOC-OPAY2024052900E,02p.xlsx,2025-06-25 22:39:29
https://ksiem.sectica.com/tickets/CSOC-OPAY20240408002,02p.xlsx,2025-06-25 22:39:29
https://ksiem.sectica.com/tickets/CSOC-OPAY20240229003,02p.xlsx,2025-06-25 22:39:29
https://ksiem.sectica.com/tickets/CSOC-OPAY20240206008,02p.xlsx,2025-06-25 22:39:29
https://ksiem.sectica.com/tickets/CSOC-OPAY20240206007,02p.xlsx,2025-06-25 22:39:29
https://ksiem.sectica.com/tickets/CSOC-OPAY20240129003,02p.xlsx,2025-06-25 22:39:29
https://ksiem.sectica.com/tickets/CSOC-OPAY20240124005,02p.xlsx,2025-06-25 22:39:29
https://ksiem.sectica.com/tickets/CSOC-OPAY20240109002,02p.xlsx,2025-06-25 22:39:29
https://ksiem.sectica.com/tickets/CSOC-OPAY20240109001,02p.xlsx,2025-06-25 22:39:29
https://ksiem.sectica.com/tickets/CSOC-OPAY20240108007,02p.xlsx,2025-06-25 22:39:29
https://ksiem.sectica.com/tickets/CSOC-OPAY20240108006,02p.xlsx,2025-06-25 22:39:29
https://ksiem.sectica.com/tickets/CSOC-OPAY20240108005,02p.xlsx,2025-06-25 22:39:29
https://ksiem.sectica.com/tickets/CSOC-OPAY20240108004,02p.xlsx,2025-06-25 22:39:29
https://ksiem.sectica.com/tickets/CSOC-OPAY20240108003,02p.xlsx,2025-06-25 22:39:29
https://ksiem.sectica.com/tickets/CSOC-OPAY20240108002,02p.xlsx,2025-06-25 22:39:29
https://ksiem.sectica.com/tickets/CSOC-OPAY20240105006,02p.xlsx,2025-06-25 22:39:29
https://ksiem.sectica.com/tickets/CSOC-OPAY20240105005,02p.xlsx,2025-06-25 22:39:29
https://ksiem.sectica.com/tickets/CSOC-OPAY20240105004,02p.xlsx,2025-06-25 22:39:29
https://ksiem.sectica.com/tickets/CSOC-OPAY20240105003,02p.xlsx,2025-06-25 22:39:29
https://ksiem.sectica.com/tickets/CSOC-OPAY20240105002,02p.xlsx,2025-06-25 22:39:29
https://ksiem.sectica.com/tickets/CSOC-OPAY20240105001,02p.xlsx,2025-06-25 22:39:29
https://ksiem.sectica.com/tickets/CSOC-OPAY20240104008,02p.xlsx,2025-06-25 22:39:29
https://ksiem.sectica.com/tickets/CSOC-OPAY20240104007,02p.xlsx,2025-06-25 22:39:29
https://ksiem.sectica.com/tickets/CSOC-OPAY20240104006,02p.xlsx,2025-06-25 22:39:29
https://ksiem.sectica.com/tickets/CSOC-OPAY20240104005,02p.xlsx,2025-06-25 22:39:29
https://ksiem.sectica.com/tickets/CSOC-OPAY20240104004,02p.xlsx,2025-06-25 22:39:29
https://ksiem.sectica.com/tickets/CSOC-OPAY20240104003,02p.xlsx,2025-06-25 22:39:29
https://ksiem.sectica.com/tickets/CSOC-OPAY20240104002,02p.xlsx,2025-06-25 22:39:29
https://ksiem.sectica.com/tickets/CSOC-OPAY2023091100K,25p.xlsx,2025-06-25 22:39:29
https://ksiem.sectica.com/tickets/CSOC-OPAY2023091100J,25p.xlsx,2025-06-25 22:39:29
https://ksiem.sectica.com/tickets/CSOC-OPAY2023091100I,25p.xlsx,2025-06-25 22:39:29
https://ksiem.sectica.com/tickets/CSOC-OPAY2023091100H,25p.xlsx,2025-06-25 22:39:29
https://ksiem.sectica.com/tickets/CSOC-OPAY2023091100G,25p.xlsx,2025-06-25 22:39:29
https://ksiem.sectica.com/tickets/CSOC-OPAY2023091100F,25p.xlsx,2025-06-25 22:39:29
https://ksiem.sectica.com/tickets/CSOC-OPAY2023091100E,25p.xlsx,2025-06-25 22:39:29
https://ksiem.sectica.com/tickets/CSOC-OPAY2023091100D,25p.xlsx,2025-06-25 22:39:29
https://ksiem.sectica.com/tickets/CSOC-OPAY2023091100C,25p.xlsx,2025-06-25 22:39:29
https://ksiem.sectica.com/tickets/CSOC-OPAY2023091100B,25p.xlsx,2025-06-25 22:39:29
https://ksiem.sectica.com/tickets/CSOC-OPAY2023091100A,25p.xlsx,2025-06-25 22:39:29
https://ksiem.sectica.com/tickets/CSOC-OPAY20230911009,25p.xlsx,2025-06-25 22:39:29
https://ksiem.sectica.com/tickets/CSOC-OPAY20230911008,25p.xlsx,2025-06-25 22:39:29
https://ksiem.sectica.com/tickets/CSOC-OPAY20230911007,25p.xlsx,2025-06-25 22:39:29
https://ksiem.sectica.com/tickets/CSOC-OPAY20230911006,25p.xlsx,2025-06-25 22:39:29
https://ksiem.sectica.com/tickets/CSOC-OPAY20230911005,25p.xlsx,2025-06-25 22:39:29
https://ksiem.sectica.com/tickets/CSOC-OPAY20230911004,25p.xlsx,2025-06-25 22:39:29
https://ksiem.sectica.com/tickets/CSOC-OPAY20230911003,25p.xlsx,2025-06-25 22:39:29
https://ksiem.sectica.com/tickets/CSOC-OPAY20230911002,25p.xlsx,2025-06-25 22:39:29
https://ksiem.sectica.com/tickets/CSOC-OPAY20230909001,25p.xlsx,2025-06-25 22:39:29
https://ksiem.sectica.com/tickets/CSOC-OPAY2023090600M,25p.xlsx,2025-06-25 22:39:29
https://ksiem.sectica.com/tickets/CSOC-OPAY2023090600L,25p.xlsx,2025-06-25 22:39:29
https://ksiem.sectica.com/tickets/CSOC-OPAY2023090600K,25p.xlsx,2025-06-25 22:39:29
https://ksiem.sectica.com/tickets/CSOC-OPAY2023090600J,25p.xlsx,2025-06-25 22:39:29
https://ksiem.sectica.com/tickets/CSOC-OPAY2023090600I,25p.xlsx,2025-06-25 22:39:29
https://ksiem.sectica.com/tickets/CSOC-OPAY2023090600H,25p.xlsx,2025-06-25 22:39:29
https://ksiem.sectica.com/tickets/CSOC-OPAY2023090600G,25p.xlsx,2025-06-25 22:39:29
https://ksiem.sectica.com/tickets/CSOC-OPAY2023090600F,25p.xlsx,2025-06-25 22:39:29
https://ksiem.sectica.com/tickets/CSOC-OPAY2023090600E,25p.xlsx,2025-06-25 22:39:29
https://ksiem.sectica.com/tickets/CSOC-OPAY2023090600D,25p.xlsx,2025-06-25 22:39:29
https://ksiem.sectica.com/tickets/CSOC-OPAY2023090600C,25p.xlsx,2025-06-25 22:39:29
https://ksiem.sectica.com/tickets/CSOC-OPAY2023090600B,25p.xlsx,2025-06-25 22:39:29
https://ksiem.sectica.com/tickets/CSOC-OPAY2023090600A,25p.xlsx,2025-06-25 22:39:29
https://ksiem.sectica.com/tickets/CSOC-OPAY20230906009,25p.xlsx,2025-06-25 22:39:29
https://ksiem.sectica.com/tickets/CSOC-OPAY20230906008,25p.xlsx,2025-06-25 22:39:29
https://ksiem.sectica.com/tickets/CSOC-OPAY20230906007,25p.xlsx,2025-06-25 22:39:29
https://ksiem.sectica.com/tickets/CSOC-OPAY20230906006,25p.xlsx,2025-06-25 22:39:29
https://ksiem.sectica.com/tickets/CSOC-OPAY20230906005,25p.xlsx,2025-06-25 22:39:29
https://ksiem.sectica.com/tickets/CSOC-OPAY20230906004,25p.xlsx,2025-06-25 22:39:29
https://ksiem.sectica.com/tickets/CSOC-OPAY20230906003,25p.xlsx,2025-06-25 22:39:29
https://ksiem.sectica.com/tickets/CSOC-OPAY20230906002,25p.xlsx,2025-06-25 22:39:29
https://ksiem.sectica.com/tickets/CSOC-OPAY20230906001,25p.xlsx,2025-06-25 22:39:29
https://ksiem.sectica.com/tickets/CSOC-OPAY2023090500K,25p.xlsx,2025-06-25 22:39:29
https://ksiem.sectica.com/tickets/CSOC-OPAY2023090500G,25p.xlsx,2025-06-25 22:39:29
https://ksiem.sectica.com/tickets/CSOC-OPAY2023090500F,25p.xlsx,2025-06-25 22:39:29
https://ksiem.sectica.com/tickets/CSOC-OPAY2023090500E,25p.xlsx,2025-06-25 22:39:29
https://ksiem.sectica.com/tickets/CSOC-OPAY2023090500D,25p.xlsx,2025-06-25 22:39:29
https://ksiem.sectica.com/tickets/CSOC-OPAY2023090500C,25p.xlsx,2025-06-25 22:39:29
https://ksiem.sectica.com/tickets/CSOC-OPAY2023090500B,25p.xlsx,2025-06-25 22:39:29
https://ksiem.sectica.com/tickets/CSOC-OPAY2023090500A,25p.xlsx,2025-06-25 22:39:29
https://ksiem.sectica.com/tickets/CSOC-OPAY2023062200L,21.xlsx,2025-06-25 22:39:29
https://ksiem.sectica.com/tickets/CSOC-OPAY2023062200K,21.xlsx,2025-06-25 22:39:29
https://ksiem.sectica.com/tickets/CSOC-OPAY2023062200J,21.xlsx,2025-06-25 22:39:29
https://ksiem.sectica.com/tickets/CSOC-OPAY2023062200H,21.xlsx,2025-06-25 22:39:29
https://ksiem.sectica.com/tickets/CSOC-OPAY2023062200G,21.xlsx,2025-06-25 22:39:29
https://ksiem.sectica.com/tickets/CSOC-OPAY2023062200F,21.xlsx,2025-06-25 22:39:29
https://ksiem.sectica.com/tickets/CSOC-OPAY2023062200E,21.xlsx,2025-06-25 22:39:29
https://ksiem.sectica.com/tickets/CSOC-OPAY2023062200D,21.xlsx,2025-06-25 22:39:29
https://ksiem.sectica.com/tickets/CSOC-OPAY2023062200A,21.xlsx,2025-06-25 22:39:29
https://ksiem.sectica.com/tickets/CSOC-OPAY20230622009,21.xlsx,2025-06-25 22:39:29
https://ksiem.sectica.com/tickets/CSOC-OPAY20230622008,21.xlsx,2025-06-25 22:39:29
https://ksiem.sectica.com/tickets/CSOC-OPAY20230622007,21.xlsx,2025-06-25 22:39:29
https://ksiem.sectica.com/tickets/CSOC-OPAY20230622006,21.xlsx,2025-06-25 22:39:29
https://ksiem.sectica.com/tickets/CSOC-OPAY20230622005,21.xlsx,2025-06-25 22:39:29
https://ksiem.sectica.com/tickets/CSOC-OPAY20230622004,21.xlsx,2025-06-25 22:39:29
https://ksiem.sectica.com/tickets/CSOC-OPAY20230622003,21.xlsx,2025-06-25 22:39:29
https://ksiem.sectica.com/tickets/CSOC-OPAY20230622002,21.xlsx,2025-06-25 22:39:29
https://ksiem.sectica.com/tickets/CSOC-OPAY20230622001,21.xlsx,2025-06-25 22:39:29
https://ksiem.sectica.com/tickets/CSOC-OPAY2023062100K,21.xlsx,2025-06-25 22:39:29
https://ksiem.sectica.com/tickets/CSOC-OPAY2023062100J,21.xlsx,2025-06-25 22:39:29
https://ksiem.sectica.com/tickets/CSOC-OPAY2023062100I,21.xlsx,2025-06-25 22:39:29
https://ksiem.sectica.com/tickets/CSOC-OPAY2023062100H,21.xlsx,2025-06-25 22:39:29
https://ksiem.sectica.com/tickets/CSOC-OPAY2023062100G,21.xlsx,2025-06-25 22:39:29
https://ksiem.sectica.com/tickets/CSOC-OPAY2023062100F,21.xlsx,2025-06-25 22:39:29
https://ksiem.sectica.com/tickets/CSOC-OPAY2023062100E,21.xlsx,2025-06-25 22:39:29
https://ksiem.sectica.com/tickets/CSOC-OPAY2023062100D,21.xlsx,2025-06-25 22:39:29
https://ksiem.sectica.com/tickets/CSOC-OPAY2023062100B,21.xlsx,2025-06-25 22:39:29
https://ksiem.sectica.com/tickets/CSOC-OPAY2023062100A,21.xlsx,2025-06-25 22:39:29
https://ksiem.sectica.com/tickets/CSOC-OPAY20230621009,21.xlsx,2025-06-25 22:39:29
https://ksiem.sectica.com/tickets/CSOC-OPAY20230621007,21.xlsx,2025-06-25 22:39:29
https://ksiem.sectica.com/tickets/CSOC-OPAY20230621006,21.xlsx,2025-06-25 22:39:29
https://ksiem.sectica.com/tickets/CSOC-OPAY20230621002,21.xlsx,2025-06-25 22:39:29
https://ksiem.sectica.com/tickets/CSOC-OPAY2023061600A,21.xlsx,2025-06-25 22:39:29
https://ksiem.sectica.com/tickets/CSOC-OPAY20230616009,21.xlsx,2025-06-25 22:39:29
https://ksiem.sectica.com/tickets/CSOC-OPAY2023061500E,21.xlsx,2025-06-25 22:39:29
https://ksiem.sectica.com/tickets/CSOC-OPAY2023061500D,21.xlsx,2025-06-25 22:39:29
https://ksiem.sectica.com/tickets/CSOC-OPAY2023061500C,21.xlsx,2025-06-25 22:39:29
https://ksiem.sectica.com/tickets/CSOC-OPAY2023061500B,21.xlsx,2025-06-25 22:39:29
https://ksiem.sectica.com/tickets/CSOC-OPAY2023061500A,21.xlsx,2025-06-25 22:39:29
https://ksiem.sectica.com/tickets/CSOC-OPAY20230615009,21.xlsx,2025-06-25 22:39:29
https://ksiem.sectica.com/tickets/CSOC-OPAY20230615008,21.xlsx,2025-06-25 22:39:29
https://ksiem.sectica.com/tickets/CSOC-OPAY20230615007,21.xlsx,2025-06-25 22:39:29
https://ksiem.sectica.com/tickets/CSOC-OPAY20230615006,21.xlsx,2025-06-25 22:39:29
https://ksiem.sectica.com/tickets/CSOC-OPAY20230615005,21.xlsx,2025-06-25 22:39:29
https://ksiem.sectica.com/tickets/CSOC-OPAY20230615004,21.xlsx,2025-06-25 22:39:29
https://ksiem.sectica.com/tickets/CSOC-OPAY20230615003,21.xlsx,2025-06-25 22:39:29
https://ksiem.sectica.com/tickets/CSOC-OPAY20230615002,21.xlsx,2025-06-25 22:39:29
https://ksiem.sectica.com/tickets/CSOC-OPAY2023060800N,21.xlsx,2025-06-25 22:39:29
https://ksiem.sectica.com/tickets/CSOC-OPAY2023060800M,21.xlsx,2025-06-25 22:39:29
https://ksiem.sectica.com/tickets/CSOC-OPAY2023060800L,21.xlsx,2025-06-25 22:39:29
https://ksiem.sectica.com/tickets/CSOC-OPAY20240426007,09p.xlsx,2025-06-25 22:39:29
https://ksiem.sectica.com/tickets/CSOC-OPAY20240426006,09p.xlsx,2025-06-25 22:39:29
https://ksiem.sectica.com/tickets/CSOC-OPAY20240426005,09p.xlsx,2025-06-25 22:39:29
https://ksiem.sectica.com/tickets/CSOC-OPAY20240426004,09p.xlsx,2025-06-25 22:39:29
https://ksiem.sectica.com/tickets/CSOC-OPAY20240426003,09p.xlsx,2025-06-25 22:39:29
https://ksiem.sectica.com/tickets/CSOC-OPAY20240426002,09p.xlsx,2025-06-25 22:39:29
https://ksiem.sectica.com/tickets/CSOC-OPAY20240426001,09p.xlsx,2025-06-25 22:39:29
https://ksiem.sectica.com/tickets/CSOC-OPAY2024042400G,09p.xlsx,2025-06-25 22:39:29
https://ksiem.sectica.com/tickets/CSOC-OPAY2024042400F,09p.xlsx,2025-06-25 22:39:29
https://ksiem.sectica.com/tickets/CSOC-OPAY2024042400E,09p.xlsx,2025-06-25 22:39:29
https://ksiem.sectica.com/tickets/CSOC-OPAY2024042400D,09p.xlsx,2025-06-25 22:39:29
https://ksiem.sectica.com/tickets/CSOC-OPAY2024042400C,09p.xlsx,2025-06-25 22:39:29
https://ksiem.sectica.com/tickets/CSOC-OPAY2024042400B,09p.xlsx,2025-06-25 22:39:29
https://ksiem.sectica.com/tickets/CSOC-OPAY2024042400A,09p.xlsx,2025-06-25 22:39:29
https://ksiem.sectica.com/tickets/CSOC-OPAY20240424009,09p.xlsx,2025-06-25 22:39:29
https://ksiem.sectica.com/tickets/CSOC-OPAY20240424008,09p.xlsx,2025-06-25 22:39:29
https://ksiem.sectica.com/tickets/CSOC-OPAY20240424007,09p.xlsx,2025-06-25 22:39:29
https://ksiem.sectica.com/tickets/CSOC-OPAY20240424006,09p.xlsx,2025-06-25 22:39:29
https://ksiem.sectica.com/tickets/CSOC-OPAY20240424005,09p.xlsx,2025-06-25 22:39:29
https://ksiem.sectica.com/tickets/CSOC-OPAY20240424004,09p.xlsx,2025-06-25 22:39:29
https://ksiem.sectica.com/tickets/CSOC-OPAY20240424003,09p.xlsx,2025-06-25 22:39:29
https://ksiem.sectica.com/tickets/CSOC-OPAY20240424002,09p.xlsx,2025-06-25 22:39:29
https://ksiem.sectica.com/tickets/CSOC-OPAY20240424001,09p.xlsx,2025-06-25 22:39:29
https://ksiem.sectica.com/tickets/CSOC-OPAY2024042300D,09p.xlsx,2025-06-25 22:39:29
https://ksiem.sectica.com/tickets/CSOC-OPAY2024042300C,09p.xlsx,2025-06-25 22:39:29
https://ksiem.sectica.com/tickets/CSOC-OPAY2024042300B,09p.xlsx,2025-06-25 22:39:29
https://ksiem.sectica.com/tickets/CSOC-OPAY2024042300A,09p.xlsx,2025-06-25 22:39:29
https://ksiem.sectica.com/tickets/CSOC-OPAY20240423009,09p.xlsx,2025-06-25 22:39:29
https://ksiem.sectica.com/tickets/CSOC-OPAY20240423008,09p.xlsx,2025-06-25 22:39:29
https://ksiem.sectica.com/tickets/CSOC-OPAY20240423007,09p.xlsx,2025-06-25 22:39:29
https://ksiem.sectica.com/tickets/CSOC-OPAY20240423006,09p.xlsx,2025-06-25 22:39:29
https://ksiem.sectica.com/tickets/CSOC-OPAY20240423005,09p.xlsx,2025-06-25 22:39:29
https://ksiem.sectica.com/tickets/CSOC-OPAY20240423004,09p.xlsx,2025-06-25 22:39:29
https://ksiem.sectica.com/tickets/CSOC-OPAY20240423003,09p.xlsx,2025-06-25 22:39:29
https://ksiem.sectica.com/tickets/CSOC-OPAY20240423002,09p.xlsx,2025-06-25 22:39:29
https://ksiem.sectica.com/tickets/CSOC-OPAY20240423001,09p.xlsx,2025-06-25 22:39:29
https://ksiem.sectica.com/tickets/CSOC-OPAY2024041200A,09p.xlsx,2025-06-25 22:39:29
https://ksiem.sectica.com/tickets/CSOC-OPAY20240412009,09p.xlsx,2025-06-25 22:39:29
https://ksiem.sectica.com/tickets/CSOC-OPAY20240412008,09p.xlsx,2025-06-25 22:39:29
https://ksiem.sectica.com/tickets/CSOC-OPAY20240412007,09p.xlsx,2025-06-25 22:39:29
https://ksiem.sectica.com/tickets/CSOC-OPAY20240412006,09p.xlsx,2025-06-25 22:39:29
https://ksiem.sectica.com/tickets/CSOC-OPAY20240412005,09p.xlsx,2025-06-25 22:39:29
https://ksiem.sectica.com/tickets/CSOC-OPAY20240412004,09p.xlsx,2025-06-25 22:39:29
https://ksiem.sectica.com/tickets/CSOC-OPAY20240412003,09p.xlsx,2025-06-25 22:39:29
https://ksiem.sectica.com/tickets/CSOC-OPAY20240412002,09p.xlsx,2025-06-25 22:39:29
https://ksiem.sectica.com/tickets/CSOC-OPAY20240412001,09p.xlsx,2025-06-25 22:39:29
https://ksiem.sectica.com/tickets/CSOC-OPAY20240408008,09p.xlsx,2025-06-25 22:39:29
https://ksiem.sectica.com/tickets/CSOC-OPAY20240408007,09p.xlsx,2025-06-25 22:39:29
https://ksiem.sectica.com/tickets/CSOC-OPAY20240408006,09p.xlsx,2025-06-25 22:39:29
https://ksiem.sectica.com/tickets/CSOC-OPAY20240408005,09p.xlsx,2025-06-25 22:39:29
https://ksiem.sectica.com/tickets/CSOC-OPAY20240611003,12p.xlsx,2025-06-25 22:39:30
https://ksiem.sectica.com/tickets/CSOC-OPAY20240609004,12p.xlsx,2025-06-25 22:39:30
https://ksiem.sectica.com/tickets/CSOC-OPAY20240609003,12p.xlsx,2025-06-25 22:39:30
https://ksiem.sectica.com/tickets/CSOC-OPAY20240609002,12p.xlsx,2025-06-25 22:39:30
https://ksiem.sectica.com/tickets/CSOC-OPAY20240609001,12p.xlsx,2025-06-25 22:39:30
https://ksiem.sectica.com/tickets/CSOC-OPAY20240609000,12p.xlsx,2025-06-25 22:39:30
https://ksiem.sectica.com/tickets/CSOC-OPAY2024060800D,12p.xlsx,2025-06-25 22:39:30
https://ksiem.sectica.com/tickets/CSOC-OPAY2024060800C,12p.xlsx,2025-06-25 22:39:30
https://ksiem.sectica.com/tickets/CSOC-OPAY2024060800B,12p.xlsx,2025-06-25 22:39:30
https://ksiem.sectica.com/tickets/CSOC-OPAY2024060800A,12p.xlsx,2025-06-25 22:39:30
https://ksiem.sectica.com/tickets/CSOC-OPAY20240608009,12p.xlsx,2025-06-25 22:39:30
https://ksiem.sectica.com/tickets/CSOC-OPAY20240608008,12p.xlsx,2025-06-25 22:39:30
https://ksiem.sectica.com/tickets/CSOC-OPAY20240608007,12p.xlsx,2025-06-25 22:39:30
https://ksiem.sectica.com/tickets/CSOC-OPAY20240608006,12p.xlsx,2025-06-25 22:39:30
https://ksiem.sectica.com/tickets/CSOC-OPAY20240608005,12p.xlsx,2025-06-25 22:39:30
https://ksiem.sectica.com/tickets/CSOC-OPAY20240608004,12p.xlsx,2025-06-25 22:39:30
https://ksiem.sectica.com/tickets/CSOC-OPAY20240608003,12p.xlsx,2025-06-25 22:39:30
https://ksiem.sectica.com/tickets/CSOC-OPAY20240608002,12p.xlsx,2025-06-25 22:39:30
https://ksiem.sectica.com/tickets/CSOC-OPAY20240608001,12p.xlsx,2025-06-25 22:39:30
https://ksiem.sectica.com/tickets/CSOC-OPAY20240608000,12p.xlsx,2025-06-25 22:39:30
https://ksiem.sectica.com/tickets/CSOC-OPAY2024053000B,12p.xlsx,2025-06-25 22:39:30
https://ksiem.sectica.com/tickets/CSOC-OPAY2024053000A,12p.xlsx,2025-06-25 22:39:30
https://ksiem.sectica.com/tickets/CSOC-OPAY20240530009,12p.xlsx,2025-06-25 22:39:30
https://ksiem.sectica.com/tickets/CSOC-OPAY20240530008,12p.xlsx,2025-06-25 22:39:30
https://ksiem.sectica.com/tickets/CSOC-OPAY20240530007,12p.xlsx,2025-06-25 22:39:30
https://ksiem.sectica.com/tickets/CSOC-OPAY20240530006,12p.xlsx,2025-06-25 22:39:30
https://ksiem.sectica.com/tickets/CSOC-OPAY20240530005,12p.xlsx,2025-06-25 22:39:30
https://ksiem.sectica.com/tickets/CSOC-OPAY20240530004,12p.xlsx,2025-06-25 22:39:30
https://ksiem.sectica.com/tickets/CSOC-OPAY20240530003,12p.xlsx,2025-06-25 22:39:30
https://ksiem.sectica.com/tickets/CSOC-OPAY20240530002,12p.xlsx,2025-06-25 22:39:30
https://ksiem.sectica.com/tickets/CSOC-OPAY20240530001,12p.xlsx,2025-06-25 22:39:30
https://ksiem.sectica.com/tickets/CSOC-OPAY20240530000,12p.xlsx,2025-06-25 22:39:30
https://ksiem.sectica.com/tickets/CSOC-OPAY2024052900R,12p.xlsx,2025-06-25 22:39:30
https://ksiem.sectica.com/tickets/CSOC-OPAY2024052900Q,12p.xlsx,2025-06-25 22:39:30
https://ksiem.sectica.com/tickets/CSOC-OPAY2024052900P,12p.xlsx,2025-06-25 22:39:30
https://ksiem.sectica.com/tickets/CSOC-OPAY2024052900O,12p.xlsx,2025-06-25 22:39:30
https://ksiem.sectica.com/tickets/CSOC-OPAY2024052900N,12p.xlsx,2025-06-25 22:39:30
https://ksiem.sectica.com/tickets/CSOC-OPAY2024052900M,12p.xlsx,2025-06-25 22:39:30
https://ksiem.sectica.com/tickets/CSOC-OPAY2024052900L,12p.xlsx,2025-06-25 22:39:30
https://ksiem.sectica.com/tickets/CSOC-OPAY2024052900K,12p.xlsx,2025-06-25 22:39:30
https://ksiem.sectica.com/tickets/CSOC-OPAY2024052900J,12p.xlsx,2025-06-25 22:39:30
https://ksiem.sectica.com/tickets/CSOC-OPAY2024052900I,12p.xlsx,2025-06-25 22:39:30
https://ksiem.sectica.com/tickets/CSOC-OPAY2024052900H,12p.xlsx,2025-06-25 22:39:30
https://ksiem.sectica.com/tickets/CSOC-OPAY2024052900G,12p.xlsx,2025-06-25 22:39:30
https://ksiem.sectica.com/tickets/CSOC-OPAY2024052900F,12p.xlsx,2025-06-25 22:39:30
https://ksiem.sectica.com/tickets/CSOC-OPAY2024052900D,12p.xlsx,2025-06-25 22:39:30
https://ksiem.sectica.com/tickets/CSOC-OPAY2024052900C,12p.xlsx,2025-06-25 22:39:30
https://ksiem.sectica.com/tickets/CSOC-OPAY2024052900B,12p.xlsx,2025-06-25 22:39:30
https://ksiem.sectica.com/tickets/CSOC-OPAY2024052900A,12p.xlsx,2025-06-25 22:39:30
https://ksiem.sectica.com/tickets/CSOC-OPAY20240529009,12p.xlsx,2025-06-25 22:39:30
https://ksiem.sectica.com/tickets/CSOC-OPAY20240529008,11p.xlsx,2025-06-25 22:39:30
https://ksiem.sectica.com/tickets/CSOC-OPAY20240529007,11p.xlsx,2025-06-25 22:39:30
https://ksiem.sectica.com/tickets/CSOC-OPAY20240529006,11p.xlsx,2025-06-25 22:39:30
https://ksiem.sectica.com/tickets/CSOC-OPAY20240529005,11p.xlsx,2025-06-25 22:39:30
https://ksiem.sectica.com/tickets/CSOC-OPAY20240529004,11p.xlsx,2025-06-25 22:39:30
https://ksiem.sectica.com/tickets/CSOC-OPAY20240529003,11p.xlsx,2025-06-25 22:39:30
https://ksiem.sectica.com/tickets/CSOC-OPAY20240528004,11p.xlsx,2025-06-25 22:39:30
https://ksiem.sectica.com/tickets/CSOC-OPAY20240528003,11p.xlsx,2025-06-25 22:39:30
https://ksiem.sectica.com/tickets/CSOC-OPAY20240528002,11p.xlsx,2025-06-25 22:39:30
https://ksiem.sectica.com/tickets/CSOC-OPAY20240528001,11p.xlsx,2025-06-25 22:39:30
https://ksiem.sectica.com/tickets/CSOC-OPAY20240528000,11p.xlsx,2025-06-25 22:39:30
https://ksiem.sectica.com/tickets/CSOC-OPAY2024052700R,11p.xlsx,2025-06-25 22:39:30
https://ksiem.sectica.com/tickets/CSOC-OPAY2024052700Q,11p.xlsx,2025-06-25 22:39:30
https://ksiem.sectica.com/tickets/CSOC-OPAY2024052700P,11p.xlsx,2025-06-25 22:39:30
https://ksiem.sectica.com/tickets/CSOC-OPAY2024052700O,11p.xlsx,2025-06-25 22:39:30
https://ksiem.sectica.com/tickets/CSOC-OPAY2024052700N,11p.xlsx,2025-06-25 22:39:30
https://ksiem.sectica.com/tickets/CSOC-OPAY2024052700M,11p.xlsx,2025-06-25 22:39:30
https://ksiem.sectica.com/tickets/CSOC-OPAY2024052700L,11p.xlsx,2025-06-25 22:39:30
https://ksiem.sectica.com/tickets/CSOC-OPAY2024052700K,11p.xlsx,2025-06-25 22:39:30
https://ksiem.sectica.com/tickets/CSOC-OPAY2024052700J,11p.xlsx,2025-06-25 22:39:30
https://ksiem.sectica.com/tickets/CSOC-OPAY2024052700I,11p.xlsx,2025-06-25 22:39:30
https://ksiem.sectica.com/tickets/CSOC-OPAY2024052700H,11p.xlsx,2025-06-25 22:39:30
https://ksiem.sectica.com/tickets/CSOC-OPAY2024052700G,11p.xlsx,2025-06-25 22:39:30
https://ksiem.sectica.com/tickets/CSOC-OPAY2024052700F,11p.xlsx,2025-06-25 22:39:30
https://ksiem.sectica.com/tickets/CSOC-OPAY2024052700E,11p.xlsx,2025-06-25 22:39:30
https://ksiem.sectica.com/tickets/CSOC-OPAY2024052700D,11p.xlsx,2025-06-25 22:39:30
https://ksiem.sectica.com/tickets/CSOC-OPAY2024052700C,11p.xlsx,2025-06-25 22:39:30
https://ksiem.sectica.com/tickets/CSOC-OPAY2024052700B,11p.xlsx,2025-06-25 22:39:30
https://ksiem.sectica.com/tickets/CSOC-OPAY2024052700A,11p.xlsx,2025-06-25 22:39:30
https://ksiem.sectica.com/tickets/CSOC-OPAY20240527009,11p.xlsx,2025-06-25 22:39:30
https://ksiem.sectica.com/tickets/CSOC-OPAY20240527008,11p.xlsx,2025-06-25 22:39:30
https://ksiem.sectica.com/tickets/CSOC-OPAY20240527007,11p.xlsx,2025-06-25 22:39:30
https://ksiem.sectica.com/tickets/CSOC-OPAY20240527006,11p.xlsx,2025-06-25 22:39:30
https://ksiem.sectica.com/tickets/CSOC-OPAY20240527005,11p.xlsx,2025-06-25 22:39:30
https://ksiem.sectica.com/tickets/CSOC-OPAY20240527004,11p.xlsx,2025-06-25 22:39:30
https://ksiem.sectica.com/tickets/CSOC-OPAY20240527003,11p.xlsx,2025-06-25 22:39:30
https://ksiem.sectica.com/tickets/CSOC-OPAY20240527002,11p.xlsx,2025-06-25 22:39:30
https://ksiem.sectica.com/tickets/CSOC-OPAY20240527001,11p.xlsx,2025-06-25 22:39:30
https://ksiem.sectica.com/tickets/CSOC-OPAY20240521009,11p.xlsx,2025-06-25 22:39:30
https://ksiem.sectica.com/tickets/CSOC-OPAY20240521008,11p.xlsx,2025-06-25 22:39:30
https://ksiem.sectica.com/tickets/CSOC-OPAY20240521007,11p.xlsx,2025-06-25 22:39:30
https://ksiem.sectica.com/tickets/CSOC-OPAY20240521006,11p.xlsx,2025-06-25 22:39:30
https://ksiem.sectica.com/tickets/CSOC-OPAY20240521005,11p.xlsx,2025-06-25 22:39:30
https://ksiem.sectica.com/tickets/CSOC-OPAY20240521004,11p.xlsx,2025-06-25 22:39:30
https://ksiem.sectica.com/tickets/CSOC-OPAY20240521003,11p.xlsx,2025-06-25 22:39:30
https://ksiem.sectica.com/tickets/CSOC-OPAY20240521002,11p.xlsx,2025-06-25 22:39:30
https://ksiem.sectica.com/tickets/CSOC-OPAY2024050300Q,11p.xlsx,2025-06-25 22:39:30
https://ksiem.sectica.com/tickets/CSOC-OPAY2024050300P,11p.xlsx,2025-06-25 22:39:30
https://ksiem.sectica.com/tickets/CSOC-OPAY2024050300O,11p.xlsx,2025-06-25 22:39:30
https://ksiem.sectica.com/tickets/CSOC-OPAY2024050300N,11p.xlsx,2025-06-25 22:39:30
https://ksiem.sectica.com/tickets/CSOC-OPAY20240104001,27p.xlsx,2025-06-25 22:39:30
https://ksiem.sectica.com/tickets/CSOC-OPAY20231205003,27p.xlsx,2025-06-25 22:39:30
https://ksiem.sectica.com/tickets/CSOC-OPAY20231205002,27p.xlsx,2025-06-25 22:39:30
https://ksiem.sectica.com/tickets/CSOC-OPAY20231123001,27p.xlsx,2025-06-25 22:39:30
https://ksiem.sectica.com/tickets/CSOC-OPAY20230929000,27p.xlsx,2025-06-25 22:39:30
https://ksiem.sectica.com/tickets/CSOC-OPAY20230915019,27p.xlsx,2025-06-25 22:39:30
https://ksiem.sectica.com/tickets/CSOC-OPAY2023091500Y,27p.xlsx,2025-06-25 22:39:30
https://ksiem.sectica.com/tickets/CSOC-OPAY2023091500X,27p.xlsx,2025-06-25 22:39:30
https://ksiem.sectica.com/tickets/CSOC-OPAY2023091500W,27p.xlsx,2025-06-25 22:39:30
https://ksiem.sectica.com/tickets/CSOC-OPAY2023091500V,27p.xlsx,2025-06-25 22:39:30
https://ksiem.sectica.com/tickets/CSOC-OPAY2023091500U,27p.xlsx,2025-06-25 22:39:30
https://ksiem.sectica.com/tickets/CSOC-OPAY2023091500T,27p.xlsx,2025-06-25 22:39:30
https://ksiem.sectica.com/tickets/CSOC-OPAY2023091500S,27p.xlsx,2025-06-25 22:39:30
https://ksiem.sectica.com/tickets/CSOC-OPAY20230904001,27p.xlsx,2025-06-25 22:39:30
https://ksiem.sectica.com/tickets/CSOC-OPAY20230807002,27p.xlsx,2025-06-25 22:39:30
https://ksiem.sectica.com/tickets/CSOC-OPAY2023071000B,27p.xlsx,2025-06-25 22:39:30
https://ksiem.sectica.com/tickets/CSOC-OPAY2023071000A,27p.xlsx,2025-06-25 22:39:30
https://ksiem.sectica.com/tickets/CSOC-OPAY20230710009,27p.xlsx,2025-06-25 22:39:30
https://ksiem.sectica.com/tickets/CSOC-OPAY20230710008,27p.xlsx,2025-06-25 22:39:30
https://ksiem.sectica.com/tickets/CSOC-OPAY20230710007,27p.xlsx,2025-06-25 22:39:30
https://ksiem.sectica.com/tickets/CSOC-OPAY20230710006,27p.xlsx,2025-06-25 22:39:30
https://ksiem.sectica.com/tickets/CSOC-OPAY20230710005,27p.xlsx,2025-06-25 22:39:30
https://ksiem.sectica.com/tickets/CSOC-OPAY20230710004,27p.xlsx,2025-06-25 22:39:30
https://ksiem.sectica.com/tickets/CSOC-OPAY20230710003,27p.xlsx,2025-06-25 22:39:30
https://ksiem.sectica.com/tickets/CSOC-OPAY20230710002,27p.xlsx,2025-06-25 22:39:30
https://ksiem.sectica.com/tickets/CSOC-OPAY20230710001,27p.xlsx,2025-06-25 22:39:30
https://ksiem.sectica.com/tickets/CSOC-OPAY20230707008,27p.xlsx,2025-06-25 22:39:30
https://ksiem.sectica.com/tickets/CSOC-OPAY20230707007,27p.xlsx,2025-06-25 22:39:30
https://ksiem.sectica.com/tickets/CSOC-OPAY20230707006,27p.xlsx,2025-06-25 22:39:30
https://ksiem.sectica.com/tickets/CSOC-OPAY20230707005,27p.xlsx,2025-06-25 22:39:30
https://ksiem.sectica.com/tickets/CSOC-OPAY20230707004,27p.xlsx,2025-06-25 22:39:30
https://ksiem.sectica.com/tickets/CSOC-OPAY20230707003,27p.xlsx,2025-06-25 22:39:30
https://ksiem.sectica.com/tickets/CSOC-OPAY20230707002,27p.xlsx,2025-06-25 22:39:30
https://ksiem.sectica.com/tickets/CSOC-OPAY2023061900N,27p.xlsx,2025-06-25 22:39:30
https://ksiem.sectica.com/tickets/CSOC-OPAY2023061900M,27p.xlsx,2025-06-25 22:39:30
https://ksiem.sectica.com/tickets/CSOC-OPAY2023061900L,27p.xlsx,2025-06-25 22:39:30
https://ksiem.sectica.com/tickets/CSOC-OPAY2023061900K,27p.xlsx,2025-06-25 22:39:30
https://ksiem.sectica.com/tickets/CSOC-OPAY2023061900J,27p.xlsx,2025-06-25 22:39:30
https://ksiem.sectica.com/tickets/CSOC-OPAY2023061900I,27p.xlsx,2025-06-25 22:39:30
https://ksiem.sectica.com/tickets/CSOC-OPAY2023061900H,27p.xlsx,2025-06-25 22:39:30
https://ksiem.sectica.com/tickets/CSOC-OPAY2023061900G,27p.xlsx,2025-06-25 22:39:30
https://ksiem.sectica.com/tickets/CSOC-OPAY2023061900F,27p.xlsx,2025-06-25 22:39:30
https://ksiem.sectica.com/tickets/CSOC-OPAY2023061900E,27p.xlsx,2025-06-25 22:39:30
https://ksiem.sectica.com/tickets/CSOC-OPAY2023061900C,27p.xlsx,2025-06-25 22:39:30
https://ksiem.sectica.com/tickets/CSOC-OPAY2023061900B,27p.xlsx,2025-06-25 22:39:30
https://ksiem.sectica.com/tickets/CSOC-OPAY2023061900A,27p.xlsx,2025-06-25 22:39:30
https://ksiem.sectica.com/tickets/CSOC-OPAY20230619009,27p.xlsx,2025-06-25 22:39:30
https://ksiem.sectica.com/tickets/CSOC-OPAY20230619008,27p.xlsx,2025-06-25 22:39:30
https://ksiem.sectica.com/tickets/CSOC-OPAY20230619007,27p.xlsx,2025-06-25 22:39:30
https://ksiem.sectica.com/tickets/CSOC-OPAY20230619006,27p.xlsx,2025-06-25 22:39:30
https://ksiem.sectica.com/tickets/CSOC-OPAY2024012300I,03p.xlsx,2025-06-25 22:39:30
https://ksiem.sectica.com/tickets/CSOC-OPAY2024012300H,03p.xlsx,2025-06-25 22:39:30
https://ksiem.sectica.com/tickets/CSOC-OPAY2024012300G,03p.xlsx,2025-06-25 22:39:30
https://ksiem.sectica.com/tickets/CSOC-OPAY2024012300F,03p.xlsx,2025-06-25 22:39:30
https://ksiem.sectica.com/tickets/CSOC-OPAY2024012300E,03p.xlsx,2025-06-25 22:39:30
https://ksiem.sectica.com/tickets/CSOC-OPAY2024012300D,03p.xlsx,2025-06-25 22:39:30
https://ksiem.sectica.com/tickets/CSOC-OPAY2024012300C,03p.xlsx,2025-06-25 22:39:30
https://ksiem.sectica.com/tickets/CSOC-OPAY2024012300B,03p.xlsx,2025-06-25 22:39:30
https://ksiem.sectica.com/tickets/CSOC-OPAY2024012300A,03p.xlsx,2025-06-25 22:39:30
https://ksiem.sectica.com/tickets/CSOC-OPAY20240123009,03p.xlsx,2025-06-25 22:39:30
https://ksiem.sectica.com/tickets/CSOC-OPAY20240123008,03p.xlsx,2025-06-25 22:39:30
https://ksiem.sectica.com/tickets/CSOC-OPAY20240123007,03p.xlsx,2025-06-25 22:39:30
https://ksiem.sectica.com/tickets/CSOC-OPAY20240123006,03p.xlsx,2025-06-25 22:39:30
https://ksiem.sectica.com/tickets/CSOC-OPAY20240123005,03p.xlsx,2025-06-25 22:39:30
https://ksiem.sectica.com/tickets/CSOC-OPAY20240123004,03p.xlsx,2025-06-25 22:39:30
https://ksiem.sectica.com/tickets/CSOC-OPAY20240123003,03p.xlsx,2025-06-25 22:39:30
https://ksiem.sectica.com/tickets/CSOC-OPAY20240123002,03p.xlsx,2025-06-25 22:39:30
https://ksiem.sectica.com/tickets/CSOC-OPAY20240123001,03p.xlsx,2025-06-25 22:39:30
https://ksiem.sectica.com/tickets/CSOC-OPAY20240123000,03p.xlsx,2025-06-25 22:39:30
https://ksiem.sectica.com/tickets/CSOC-OPAY20240115007,03p.xlsx,2025-06-25 22:39:30
https://ksiem.sectica.com/tickets/CSOC-OPAY20240115006,03p.xlsx,2025-06-25 22:39:30
https://ksiem.sectica.com/tickets/CSOC-OPAY20240115005,03p.xlsx,2025-06-25 22:39:30
https://ksiem.sectica.com/tickets/CSOC-OPAY20240115004,03p.xlsx,2025-06-25 22:39:30
https://ksiem.sectica.com/tickets/CSOC-OPAY20240115003,03p.xlsx,2025-06-25 22:39:30
https://ksiem.sectica.com/tickets/CSOC-OPAY20240115001,03p.xlsx,2025-06-25 22:39:30
https://ksiem.sectica.com/tickets/CSOC-OPAY20240115000,03p.xlsx,2025-06-25 22:39:30
https://ksiem.sectica.com/tickets/CSOC-OPAY20240113004,03p.xlsx,2025-06-25 22:39:30
https://ksiem.sectica.com/tickets/CSOC-OPAY20240113003,03p.xlsx,2025-06-25 22:39:30
https://ksiem.sectica.com/tickets/CSOC-OPAY20240113002,03p.xlsx,2025-06-25 22:39:30
https://ksiem.sectica.com/tickets/CSOC-OPAY20240113001,03p.xlsx,2025-06-25 22:39:30
https://ksiem.sectica.com/tickets/CSOC-OPAY20240113000,03p.xlsx,2025-06-25 22:39:30
https://ksiem.sectica.com/tickets/CSOC-OPAY20240112002,03p.xlsx,2025-06-25 22:39:30
https://ksiem.sectica.com/tickets/CSOC-OPAY20240112001,03p.xlsx,2025-06-25 22:39:30
https://ksiem.sectica.com/tickets/CSOC-OPAY20240112000,03p.xlsx,2025-06-25 22:39:30
https://ksiem.sectica.com/tickets/CSOC-OPAY20240110003,03p.xlsx,2025-06-25 22:39:30
https://ksiem.sectica.com/tickets/CSOC-OPAY20240110001,03p.xlsx,2025-06-25 22:39:30
https://ksiem.sectica.com/tickets/CSOC-OPAY2024010900J,03p.xlsx,2025-06-25 22:39:30
https://ksiem.sectica.com/tickets/CSOC-OPAY2024010900I,03p.xlsx,2025-06-25 22:39:30
https://ksiem.sectica.com/tickets/CSOC-OPAY2024010900G,03p.xlsx,2025-06-25 22:39:30
https://ksiem.sectica.com/tickets/CSOC-OPAY2024010900F,03p.xlsx,2025-06-25 22:39:30
https://ksiem.sectica.com/tickets/CSOC-OPAY2024010900E,03p.xlsx,2025-06-25 22:39:30
https://ksiem.sectica.com/tickets/CSOC-OPAY2024010900C,03p.xlsx,2025-06-25 22:39:30
https://ksiem.sectica.com/tickets/CSOC-OPAY2024010900B,03p.xlsx,2025-06-25 22:39:30
https://ksiem.sectica.com/tickets/CSOC-OPAY20240109009,03p.xlsx,2025-06-25 22:39:30
https://ksiem.sectica.com/tickets/CSOC-OPAY20240109008,03p.xlsx,2025-06-25 22:39:30
https://ksiem.sectica.com/tickets/CSOC-OPAY20240109007,03p.xlsx,2025-06-25 22:39:30
https://ksiem.sectica.com/tickets/CSOC-OPAY20240109006,03p.xlsx,2025-06-25 22:39:30
https://ksiem.sectica.com/tickets/CSOC-OPAY20240109005,03p.xlsx,2025-06-25 22:39:30
https://ksiem.sectica.com/tickets/CSOC-OPAY20240109004,03p.xlsx,2025-06-25 22:39:30
https://ksiem.sectica.com/tickets/CSOC-OPAY20240109003,03p.xlsx,2025-06-25 22:39:30
https://ksiem.sectica.com/tickets/CSOC-OPAY20241003003,15p.xlsx,2025-06-25 22:39:30
https://ksiem.sectica.com/tickets/CSOC-OPAY20241003002,15p.xlsx,2025-06-25 22:39:30
https://ksiem.sectica.com/tickets/CSOC-OPAY20241003001,15p.xlsx,2025-06-25 22:39:30
https://ksiem.sectica.com/tickets/CSOC-OPAY20241003000,15p.xlsx,2025-06-25 22:39:30
https://ksiem.sectica.com/tickets/CSOC-OPAY20241002001,15p.xlsx,2025-06-25 22:39:30
https://ksiem.sectica.com/tickets/CSOC-OPAY20241002000,15p.xlsx,2025-06-25 22:39:30
https://ksiem.sectica.com/tickets/CSOC-OPAY2024092400F,15p.xlsx,2025-06-25 22:39:30
https://ksiem.sectica.com/tickets/CSOC-OPAY2024092400E,15p.xlsx,2025-06-25 22:39:30
https://ksiem.sectica.com/tickets/CSOC-OPAY2024092400D,15p.xlsx,2025-06-25 22:39:30
https://ksiem.sectica.com/tickets/CSOC-OPAY2024092400C,15p.xlsx,2025-06-25 22:39:30
https://ksiem.sectica.com/tickets/CSOC-OPAY2024092400B,15p.xlsx,2025-06-25 22:39:30
https://ksiem.sectica.com/tickets/CSOC-OPAY2024092400A,15p.xlsx,2025-06-25 22:39:30
https://ksiem.sectica.com/tickets/CSOC-OPAY20240924009,15p.xlsx,2025-06-25 22:39:30
https://ksiem.sectica.com/tickets/CSOC-OPAY20240924008,15p.xlsx,2025-06-25 22:39:30
https://ksiem.sectica.com/tickets/CSOC-OPAY20240924006,15p.xlsx,2025-06-25 22:39:30
https://ksiem.sectica.com/tickets/CSOC-OPAY20240924005,15p.xlsx,2025-06-25 22:39:30
https://ksiem.sectica.com/tickets/CSOC-OPAY20240924004,15p.xlsx,2025-06-25 22:39:30
https://ksiem.sectica.com/tickets/CSOC-OPAY20240924003,15p.xlsx,2025-06-25 22:39:30
https://ksiem.sectica.com/tickets/CSOC-OPAY20240924002,15p.xlsx,2025-06-25 22:39:30
https://ksiem.sectica.com/tickets/CSOC-OPAY20240924001,15p.xlsx,2025-06-25 22:39:30
https://ksiem.sectica.com/tickets/CSOC-OPAY20240924000,15p.xlsx,2025-06-25 22:39:30
https://ksiem.sectica.com/tickets/CSOC-OPAY2024090200J,15p.xlsx,2025-06-25 22:39:30
https://ksiem.sectica.com/tickets/CSOC-OPAY2024090200I,15p.xlsx,2025-06-25 22:39:30
https://ksiem.sectica.com/tickets/CSOC-OPAY2024090200H,15p.xlsx,2025-06-25 22:39:30
https://ksiem.sectica.com/tickets/CSOC-OPAY2024090200G,15p.xlsx,2025-06-25 22:39:30
https://ksiem.sectica.com/tickets/CSOC-OPAY2024090200F,15p.xlsx,2025-06-25 22:39:30
https://ksiem.sectica.com/tickets/CSOC-OPAY2024090200E,15p.xlsx,2025-06-25 22:39:30
https://ksiem.sectica.com/tickets/CSOC-OPAY2024090200D,15p.xlsx,2025-06-25 22:39:30
https://ksiem.sectica.com/tickets/CSOC-OPAY2024090200C,15p.xlsx,2025-06-25 22:39:30
https://ksiem.sectica.com/tickets/CSOC-OPAY2024090200B,15p.xlsx,2025-06-25 22:39:30
https://ksiem.sectica.com/tickets/CSOC-OPAY2024090200A,15p.xlsx,2025-06-25 22:39:30
https://ksiem.sectica.com/tickets/CSOC-OPAY20240902009,15p.xlsx,2025-06-25 22:39:30
https://ksiem.sectica.com/tickets/CSOC-OPAY20240902008,15p.xlsx,2025-06-25 22:39:30
https://ksiem.sectica.com/tickets/CSOC-OPAY20240902007,15p.xlsx,2025-06-25 22:39:30
https://ksiem.sectica.com/tickets/CSOC-OPAY20240902006,15p.xlsx,2025-06-25 22:39:30
https://ksiem.sectica.com/tickets/CSOC-OPAY20240902005,15p.xlsx,2025-06-25 22:39:30
https://ksiem.sectica.com/tickets/CSOC-OPAY20240902004,15p.xlsx,2025-06-25 22:39:30
https://ksiem.sectica.com/tickets/CSOC-OPAY20240902003,15p.xlsx,2025-06-25 22:39:30
https://ksiem.sectica.com/tickets/CSOC-OPAY20240902002,15p.xlsx,2025-06-25 22:39:30
https://ksiem.sectica.com/tickets/CSOC-OPAY20240902001,15p.xlsx,2025-06-25 22:39:30
https://ksiem.sectica.com/tickets/CSOC-OPAY2024083000E,15p.xlsx,2025-06-25 22:39:30
https://ksiem.sectica.com/tickets/CSOC-OPAY2024083000D,15p.xlsx,2025-06-25 22:39:30
https://ksiem.sectica.com/tickets/CSOC-OPAY2024083000C,15p.xlsx,2025-06-25 22:39:30
https://ksiem.sectica.com/tickets/CSOC-OPAY2024083000B,15p.xlsx,2025-06-25 22:39:30
https://ksiem.sectica.com/tickets/CSOC-OPAY2024083000A,15p.xlsx,2025-06-25 22:39:30
https://ksiem.sectica.com/tickets/CSOC-OPAY20240830009,15p.xlsx,2025-06-25 22:39:30
https://ksiem.sectica.com/tickets/CSOC-OPAY20240830008,15p.xlsx,2025-06-25 22:39:30
https://ksiem.sectica.com/tickets/CSOC-OPAY20240830007,15p.xlsx,2025-06-25 22:39:30
https://ksiem.sectica.com/tickets/CSOC-OPAY20240830006,15p.xlsx,2025-06-25 22:39:30
https://ksiem.sectica.com/tickets/CSOC-OPAY20240830005,15p.xlsx,2025-06-25 22:39:30
https://ksiem.sectica.com/tickets/CSOC-OPAY20240313003,06.xlsx,2025-06-25 22:39:30
https://ksiem.sectica.com/tickets/CSOC-OPAY20240313002,06.xlsx,2025-06-25 22:39:30
https://ksiem.sectica.com/tickets/CSOC-OPAY20240313001,06.xlsx,2025-06-25 22:39:30
https://ksiem.sectica.com/tickets/CSOC-OPAY20240312005,06.xlsx,2025-06-25 22:39:30
https://ksiem.sectica.com/tickets/CSOC-OPAY20240312004,06.xlsx,2025-06-25 22:39:30
https://ksiem.sectica.com/tickets/CSOC-OPAY20240312003,06.xlsx,2025-06-25 22:39:30
https://ksiem.sectica.com/tickets/CSOC-OPAY20240312002,06.xlsx,2025-06-25 22:39:30
https://ksiem.sectica.com/tickets/CSOC-OPAY20240312001,06.xlsx,2025-06-25 22:39:30
https://ksiem.sectica.com/tickets/CSOC-OPAY20240311008,06.xlsx,2025-06-25 22:39:30
https://ksiem.sectica.com/tickets/CSOC-OPAY20240311007,06.xlsx,2025-06-25 22:39:30
https://ksiem.sectica.com/tickets/CSOC-OPAY20240311006,06.xlsx,2025-06-25 22:39:30
https://ksiem.sectica.com/tickets/CSOC-OPAY20240311005,06.xlsx,2025-06-25 22:39:30
https://ksiem.sectica.com/tickets/CSOC-OPAY20240311004,06.xlsx,2025-06-25 22:39:30
https://ksiem.sectica.com/tickets/CSOC-OPAY20240311003,06.xlsx,2025-06-25 22:39:30
https://ksiem.sectica.com/tickets/CSOC-OPAY20240311002,06.xlsx,2025-06-25 22:39:30
https://ksiem.sectica.com/tickets/CSOC-OPAY20240311001,06.xlsx,2025-06-25 22:39:30
https://ksiem.sectica.com/tickets/CSOC-OPAY20240308004,06.xlsx,2025-06-25 22:39:30
https://ksiem.sectica.com/tickets/CSOC-OPAY20240308003,06.xlsx,2025-06-25 22:39:30
https://ksiem.sectica.com/tickets/CSOC-OPAY20240308002,06.xlsx,2025-06-25 22:39:30
https://ksiem.sectica.com/tickets/CSOC-OPAY20240307003,06.xlsx,2025-06-25 22:39:30
https://ksiem.sectica.com/tickets/CSOC-OPAY20240307002,06.xlsx,2025-06-25 22:39:30
https://ksiem.sectica.com/tickets/CSOC-OPAY20240306004,06.xlsx,2025-06-25 22:39:30
https://ksiem.sectica.com/tickets/CSOC-OPAY20240306003,06.xlsx,2025-06-25 22:39:30
https://ksiem.sectica.com/tickets/CSOC-OPAY20240306001,06.xlsx,2025-06-25 22:39:30
https://ksiem.sectica.com/tickets/CSOC-OPAY2024030500D,06.xlsx,2025-06-25 22:39:30
https://ksiem.sectica.com/tickets/CSOC-OPAY2024030500C,06.xlsx,2025-06-25 22:39:30
https://ksiem.sectica.com/tickets/CSOC-OPAY2024030500B,06.xlsx,2025-06-25 22:39:30
https://ksiem.sectica.com/tickets/CSOC-OPAY2024030500A,06.xlsx,2025-06-25 22:39:30
https://ksiem.sectica.com/tickets/CSOC-OPAY20240305009,06.xlsx,2025-06-25 22:39:30
https://ksiem.sectica.com/tickets/CSOC-OPAY20240305008,06.xlsx,2025-06-25 22:39:30
https://ksiem.sectica.com/tickets/CSOC-OPAY20240305007,06.xlsx,2025-06-25 22:39:30
https://ksiem.sectica.com/tickets/CSOC-OPAY20240305006,06.xlsx,2025-06-25 22:39:30
https://ksiem.sectica.com/tickets/CSOC-OPAY20240305005,06.xlsx,2025-06-25 22:39:30
https://ksiem.sectica.com/tickets/CSOC-OPAY20240305004,06.xlsx,2025-06-25 22:39:30
https://ksiem.sectica.com/tickets/CSOC-OPAY20240305003,06.xlsx,2025-06-25 22:39:30
https://ksiem.sectica.com/tickets/CSOC-OPAY20240305002,06.xlsx,2025-06-25 22:39:30
https://ksiem.sectica.com/tickets/CSOC-OPAY20240305001,06.xlsx,2025-06-25 22:39:30
https://ksiem.sectica.com/tickets/CSOC-OPAY20240229002,06.xlsx,2025-06-25 22:39:30
https://ksiem.sectica.com/tickets/CSOC-OPAY20240228002,06.xlsx,2025-06-25 22:39:30
https://ksiem.sectica.com/tickets/CSOC-OPAY20240228001,06.xlsx,2025-06-25 22:39:30
https://ksiem.sectica.com/tickets/CSOC-OPAY20240227007,06.xlsx,2025-06-25 22:39:30
https://ksiem.sectica.com/tickets/CSOC-OPAY20240227006,06.xlsx,2025-06-25 22:39:30
https://ksiem.sectica.com/tickets/CSOC-OPAY20240227005,06.xlsx,2025-06-25 22:39:30
https://ksiem.sectica.com/tickets/CSOC-OPAY20240227004,06.xlsx,2025-06-25 22:39:30
https://ksiem.sectica.com/tickets/CSOC-OPAY20240227003,06.xlsx,2025-06-25 22:39:30
https://ksiem.sectica.com/tickets/CSOC-OPAY20240227002,06.xlsx,2025-06-25 22:39:30
https://ksiem.sectica.com/tickets/CSOC-OPAY2024022600G,06.xlsx,2025-06-25 22:39:30
https://ksiem.sectica.com/tickets/CSOC-OPAY2024022600F,06.xlsx,2025-06-25 22:39:30
https://ksiem.sectica.com/tickets/CSOC-OPAY2024022600E,06.xlsx,2025-06-25 22:39:30
https://ksiem.sectica.com/tickets/CSOC-OPAY2024022600D,06.xlsx,2025-06-25 22:39:30
